[
{
    "model": "admin.logentry",
    "pk": 1,
    "fields": {
        "action_time": "2023-02-11T15:48:53.948Z",
        "user": 1,
        "content_type": 8,
        "object_id": "1",
        "object_repr": "Шампунь Fresh’L для жирного волосся 1л",
        "action_flag": 1,
        "change_message": "[{\"added\": {}}]"
    }
},
{
    "model": "admin.logentry",
    "pk": 2,
    "fields": {
        "action_time": "2023-02-11T15:52:52.325Z",
        "user": 1,
        "content_type": 8,
        "object_id": "1",
        "object_repr": "Шампунь Fresh’L для жирного волосся 1л",
        "action_flag": 3,
        "change_message": ""
    }
},
{
    "model": "admin.logentry",
    "pk": 3,
    "fields": {
        "action_time": "2023-02-11T21:11:37.143Z",
        "user": 1,
        "content_type": 7,
        "object_id": "1",
        "object_repr": "Бытовая химия",
        "action_flag": 1,
        "change_message": "[{\"added\": {}}]"
    }
},
{
    "model": "admin.logentry",
    "pk": 4,
    "fields": {
        "action_time": "2023-02-11T21:11:40.706Z",
        "user": 1,
        "content_type": 9,
        "object_id": "1",
        "object_repr": "Уход за Волосами",
        "action_flag": 1,
        "change_message": "[{\"added\": {}}]"
    }
},
{
    "model": "admin.logentry",
    "pk": 5,
    "fields": {
        "action_time": "2023-02-11T21:11:47.122Z",
        "user": 1,
        "content_type": 8,
        "object_id": "1",
        "object_repr": "Шампунь 1",
        "action_flag": 1,
        "change_message": "[{\"added\": {}}]"
    }
},
{
    "model": "admin.logentry",
    "pk": 6,
    "fields": {
        "action_time": "2023-02-11T23:38:59.692Z",
        "user": 1,
        "content_type": 10,
        "object_id": "1",
        "object_repr": "Comments object (1)",
        "action_flag": 1,
        "change_message": "[{\"added\": {}}]"
    }
},
{
    "model": "admin.logentry",
    "pk": 7,
    "fields": {
        "action_time": "2023-02-16T18:43:55.642Z",
        "user": 1,
        "content_type": 8,
        "object_id": "2",
        "object_repr": "Шампунь 2",
        "action_flag": 1,
        "change_message": "[{\"added\": {}}]"
    }
},
{
    "model": "admin.logentry",
    "pk": 8,
    "fields": {
        "action_time": "2023-02-16T18:44:45.819Z",
        "user": 1,
        "content_type": 8,
        "object_id": "3",
        "object_repr": "Шампунь 3",
        "action_flag": 1,
        "change_message": "[{\"added\": {}}]"
    }
},
{
    "model": "admin.logentry",
    "pk": 9,
    "fields": {
        "action_time": "2023-02-16T18:46:34.078Z",
        "user": 1,
        "content_type": 9,
        "object_id": "2",
        "object_repr": "Уборка дома",
        "action_flag": 1,
        "change_message": "[{\"added\": {}}]"
    }
},
{
    "model": "admin.logentry",
    "pk": 10,
    "fields": {
        "action_time": "2023-02-16T18:46:49.515Z",
        "user": 1,
        "content_type": 8,
        "object_id": "4",
        "object_repr": "Средство для мытья пола 1",
        "action_flag": 1,
        "change_message": "[{\"added\": {}}]"
    }
},
{
    "model": "admin.logentry",
    "pk": 11,
    "fields": {
        "action_time": "2023-02-16T18:48:38.729Z",
        "user": 1,
        "content_type": 8,
        "object_id": "5",
        "object_repr": "Средство для мытья пола 2",
        "action_flag": 1,
        "change_message": "[{\"added\": {}}]"
    }
},
{
    "model": "admin.logentry",
    "pk": 12,
    "fields": {
        "action_time": "2023-02-16T22:13:52.907Z",
        "user": 1,
        "content_type": 8,
        "object_id": "5",
        "object_repr": "Средство для мытья пола 2",
        "action_flag": 3,
        "change_message": ""
    }
},
{
    "model": "admin.logentry",
    "pk": 13,
    "fields": {
        "action_time": "2023-02-16T22:13:52.978Z",
        "user": 1,
        "content_type": 8,
        "object_id": "4",
        "object_repr": "Средство для мытья пола 1",
        "action_flag": 3,
        "change_message": ""
    }
},
{
    "model": "admin.logentry",
    "pk": 14,
    "fields": {
        "action_time": "2023-02-16T22:13:53.056Z",
        "user": 1,
        "content_type": 8,
        "object_id": "3",
        "object_repr": "Шампунь 3",
        "action_flag": 3,
        "change_message": ""
    }
},
{
    "model": "admin.logentry",
    "pk": 15,
    "fields": {
        "action_time": "2023-02-16T22:13:53.123Z",
        "user": 1,
        "content_type": 8,
        "object_id": "2",
        "object_repr": "Шампунь 2",
        "action_flag": 3,
        "change_message": ""
    }
},
{
    "model": "admin.logentry",
    "pk": 16,
    "fields": {
        "action_time": "2023-02-16T22:13:53.189Z",
        "user": 1,
        "content_type": 8,
        "object_id": "1",
        "object_repr": "Шампунь 1",
        "action_flag": 3,
        "change_message": ""
    }
},
{
    "model": "admin.logentry",
    "pk": 17,
    "fields": {
        "action_time": "2023-02-16T22:14:23.149Z",
        "user": 1,
        "content_type": 7,
        "object_id": "1",
        "object_repr": "Бытовая химия",
        "action_flag": 3,
        "change_message": ""
    }
},
{
    "model": "admin.logentry",
    "pk": 18,
    "fields": {
        "action_time": "2023-02-16T22:27:27.018Z",
        "user": 1,
        "content_type": 7,
        "object_id": "2",
        "object_repr": "Personal hygiene",
        "action_flag": 1,
        "change_message": "[{\"added\": {}}]"
    }
},
{
    "model": "admin.logentry",
    "pk": 19,
    "fields": {
        "action_time": "2023-02-16T22:27:32.177Z",
        "user": 1,
        "content_type": 9,
        "object_id": "3",
        "object_repr": "For heands",
        "action_flag": 1,
        "change_message": "[{\"added\": {}}]"
    }
},
{
    "model": "admin.logentry",
    "pk": 20,
    "fields": {
        "action_time": "2023-02-16T22:29:02.353Z",
        "user": 1,
        "content_type": 8,
        "object_id": "1",
        "object_repr": "Soap 1",
        "action_flag": 1,
        "change_message": "[{\"added\": {}}]"
    }
},
{
    "model": "admin.logentry",
    "pk": 21,
    "fields": {
        "action_time": "2023-02-16T22:30:18.182Z",
        "user": 1,
        "content_type": 8,
        "object_id": "2",
        "object_repr": "Soap 2",
        "action_flag": 1,
        "change_message": "[{\"added\": {}}]"
    }
},
{
    "model": "admin.logentry",
    "pk": 22,
    "fields": {
        "action_time": "2023-02-16T22:31:01.646Z",
        "user": 1,
        "content_type": 8,
        "object_id": "3",
        "object_repr": "Soap 3",
        "action_flag": 1,
        "change_message": "[{\"added\": {}}]"
    }
},
{
    "model": "admin.logentry",
    "pk": 23,
    "fields": {
        "action_time": "2023-02-16T22:31:50.417Z",
        "user": 1,
        "content_type": 8,
        "object_id": "4",
        "object_repr": "Soap 4",
        "action_flag": 1,
        "change_message": "[{\"added\": {}}]"
    }
},
{
    "model": "admin.logentry",
    "pk": 24,
    "fields": {
        "action_time": "2023-02-16T22:33:09.237Z",
        "user": 1,
        "content_type": 8,
        "object_id": "5",
        "object_repr": "Soap 5",
        "action_flag": 1,
        "change_message": "[{\"added\": {}}]"
    }
},
{
    "model": "admin.logentry",
    "pk": 25,
    "fields": {
        "action_time": "2023-02-16T22:38:19.782Z",
        "user": 1,
        "content_type": 7,
        "object_id": "3",
        "object_repr": "For home",
        "action_flag": 1,
        "change_message": "[{\"added\": {}}]"
    }
},
{
    "model": "admin.logentry",
    "pk": 26,
    "fields": {
        "action_time": "2023-02-16T22:38:21.504Z",
        "user": 1,
        "content_type": 9,
        "object_id": "4",
        "object_repr": "Floar",
        "action_flag": 1,
        "change_message": "[{\"added\": {}}]"
    }
},
{
    "model": "admin.logentry",
    "pk": 27,
    "fields": {
        "action_time": "2023-02-16T22:38:23.688Z",
        "user": 1,
        "content_type": 8,
        "object_id": "6",
        "object_repr": "Floor cleaner 1",
        "action_flag": 1,
        "change_message": "[{\"added\": {}}]"
    }
},
{
    "model": "admin.logentry",
    "pk": 28,
    "fields": {
        "action_time": "2023-02-16T22:41:44.668Z",
        "user": 1,
        "content_type": 8,
        "object_id": "7",
        "object_repr": "Floor cleaner 2",
        "action_flag": 1,
        "change_message": "[{\"added\": {}}]"
    }
},
{
    "model": "admin.logentry",
    "pk": 29,
    "fields": {
        "action_time": "2023-03-08T12:55:14.166Z",
        "user": 2,
        "content_type": 9,
        "object_id": "5",
        "object_repr": "Soap",
        "action_flag": 1,
        "change_message": "[{\"added\": {}}]"
    }
},
{
    "model": "admin.logentry",
    "pk": 30,
    "fields": {
        "action_time": "2023-03-08T13:19:38.759Z",
        "user": 2,
        "content_type": 9,
        "object_id": "6",
        "object_repr": "Hair care",
        "action_flag": 1,
        "change_message": "[{\"added\": {}}]"
    }
},
{
    "model": "admin.logentry",
    "pk": 31,
    "fields": {
        "action_time": "2023-03-08T13:19:43.366Z",
        "user": 2,
        "content_type": 8,
        "object_id": "8",
        "object_repr": "Shampoo 1",
        "action_flag": 1,
        "change_message": "[{\"added\": {}}]"
    }
},
{
    "model": "admin.logentry",
    "pk": 32,
    "fields": {
        "action_time": "2023-03-08T13:22:44.214Z",
        "user": 2,
        "content_type": 11,
        "object_id": "1",
        "object_repr": "Image object (1)",
        "action_flag": 1,
        "change_message": "[{\"added\": {}}]"
    }
},
{
    "model": "admin.logentry",
    "pk": 33,
    "fields": {
        "action_time": "2023-03-08T13:23:44.726Z",
        "user": 2,
        "content_type": 11,
        "object_id": "2",
        "object_repr": "Image object (2)",
        "action_flag": 1,
        "change_message": "[{\"added\": {}}]"
    }
},
{
    "model": "admin.logentry",
    "pk": 34,
    "fields": {
        "action_time": "2023-03-08T13:24:10.260Z",
        "user": 2,
        "content_type": 11,
        "object_id": "3",
        "object_repr": "Image object (3)",
        "action_flag": 1,
        "change_message": "[{\"added\": {}}]"
    }
},
{
    "model": "admin.logentry",
    "pk": 35,
    "fields": {
        "action_time": "2023-03-08T13:25:07.405Z",
        "user": 2,
        "content_type": 11,
        "object_id": "4",
        "object_repr": "Image object (4)",
        "action_flag": 1,
        "change_message": "[{\"added\": {}}]"
    }
},
{
    "model": "admin.logentry",
    "pk": 36,
    "fields": {
        "action_time": "2023-03-08T13:25:21.788Z",
        "user": 2,
        "content_type": 11,
        "object_id": "5",
        "object_repr": "Image object (5)",
        "action_flag": 1,
        "change_message": "[{\"added\": {}}]"
    }
},
{
    "model": "admin.logentry",
    "pk": 37,
    "fields": {
        "action_time": "2023-03-09T14:20:31.438Z",
        "user": 2,
        "content_type": 11,
        "object_id": "6",
        "object_repr": "Image object (6)",
        "action_flag": 1,
        "change_message": "[{\"added\": {}}]"
    }
},
{
    "model": "admin.logentry",
    "pk": 38,
    "fields": {
        "action_time": "2023-03-10T15:25:24.037Z",
        "user": 2,
        "content_type": 11,
        "object_id": "6",
        "object_repr": "Image object (6)",
        "action_flag": 3,
        "change_message": ""
    }
},
{
    "model": "admin.logentry",
    "pk": 39,
    "fields": {
        "action_time": "2023-03-10T20:05:20.518Z",
        "user": 2,
        "content_type": 11,
        "object_id": "5",
        "object_repr": "Image object (5)",
        "action_flag": 3,
        "change_message": ""
    }
},
{
    "model": "admin.logentry",
    "pk": 40,
    "fields": {
        "action_time": "2023-03-10T20:05:20.614Z",
        "user": 2,
        "content_type": 11,
        "object_id": "4",
        "object_repr": "Image object (4)",
        "action_flag": 3,
        "change_message": ""
    }
},
{
    "model": "admin.logentry",
    "pk": 41,
    "fields": {
        "action_time": "2023-03-10T20:05:20.681Z",
        "user": 2,
        "content_type": 11,
        "object_id": "3",
        "object_repr": "Image object (3)",
        "action_flag": 3,
        "change_message": ""
    }
},
{
    "model": "admin.logentry",
    "pk": 42,
    "fields": {
        "action_time": "2023-03-10T20:05:20.747Z",
        "user": 2,
        "content_type": 11,
        "object_id": "2",
        "object_repr": "Image object (2)",
        "action_flag": 3,
        "change_message": ""
    }
},
{
    "model": "admin.logentry",
    "pk": 43,
    "fields": {
        "action_time": "2023-03-10T20:05:20.803Z",
        "user": 2,
        "content_type": 11,
        "object_id": "1",
        "object_repr": "Image object (1)",
        "action_flag": 3,
        "change_message": ""
    }
},
{
    "model": "admin.logentry",
    "pk": 44,
    "fields": {
        "action_time": "2023-03-10T20:07:58.328Z",
        "user": 2,
        "content_type": 11,
        "object_id": "7",
        "object_repr": "Image object (7)",
        "action_flag": 1,
        "change_message": "[{\"added\": {}}]"
    }
},
{
    "model": "admin.logentry",
    "pk": 45,
    "fields": {
        "action_time": "2023-03-10T20:08:16.373Z",
        "user": 2,
        "content_type": 11,
        "object_id": "8",
        "object_repr": "Image object (8)",
        "action_flag": 1,
        "change_message": "[{\"added\": {}}]"
    }
},
{
    "model": "admin.logentry",
    "pk": 46,
    "fields": {
        "action_time": "2023-03-10T20:08:45.468Z",
        "user": 2,
        "content_type": 11,
        "object_id": "9",
        "object_repr": "Image object (9)",
        "action_flag": 1,
        "change_message": "[{\"added\": {}}]"
    }
},
{
    "model": "admin.logentry",
    "pk": 47,
    "fields": {
        "action_time": "2023-03-10T20:08:58.163Z",
        "user": 2,
        "content_type": 11,
        "object_id": "10",
        "object_repr": "Image object (10)",
        "action_flag": 1,
        "change_message": "[{\"added\": {}}]"
    }
},
{
    "model": "admin.logentry",
    "pk": 48,
    "fields": {
        "action_time": "2023-03-10T20:09:10.716Z",
        "user": 2,
        "content_type": 11,
        "object_id": "11",
        "object_repr": "Image object (11)",
        "action_flag": 1,
        "change_message": "[{\"added\": {}}]"
    }
},
{
    "model": "admin.logentry",
    "pk": 49,
    "fields": {
        "action_time": "2023-03-10T20:09:33.411Z",
        "user": 2,
        "content_type": 11,
        "object_id": "12",
        "object_repr": "Image object (12)",
        "action_flag": 1,
        "change_message": "[{\"added\": {}}]"
    }
},
{
    "model": "admin.logentry",
    "pk": 50,
    "fields": {
        "action_time": "2023-03-10T20:09:55.735Z",
        "user": 2,
        "content_type": 11,
        "object_id": "13",
        "object_repr": "Image object (13)",
        "action_flag": 1,
        "change_message": "[{\"added\": {}}]"
    }
},
{
    "model": "admin.logentry",
    "pk": 51,
    "fields": {
        "action_time": "2023-03-10T20:10:10.858Z",
        "user": 2,
        "content_type": 11,
        "object_id": "14",
        "object_repr": "Image object (14)",
        "action_flag": 1,
        "change_message": "[{\"added\": {}}]"
    }
},
{
    "model": "admin.logentry",
    "pk": 52,
    "fields": {
        "action_time": "2023-03-11T19:14:59.292Z",
        "user": 2,
        "content_type": 8,
        "object_id": "9",
        "object_repr": "ШАМПУНЬ",
        "action_flag": 1,
        "change_message": "[{\"added\": {}}, {\"added\": {\"name\": \"image\", \"object\": \"Image object (15)\"}}]"
    }
},
{
    "model": "admin.logentry",
    "pk": 53,
    "fields": {
        "action_time": "2023-03-15T12:54:11.556Z",
        "user": 2,
        "content_type": 8,
        "object_id": "2",
        "object_repr": "Soap 2",
        "action_flag": 2,
        "change_message": "[{\"changed\": {\"name\": \"image\", \"object\": \"Image object (8)\", \"fields\": [\"Title image\"]}}]"
    }
},
{
    "model": "admin.logentry",
    "pk": 54,
    "fields": {
        "action_time": "2023-03-20T16:34:12.763Z",
        "user": 2,
        "content_type": 8,
        "object_id": "10",
        "object_repr": "TESTING model method | product id - 10",
        "action_flag": 1,
        "change_message": "[{\"added\": {}}, {\"added\": {\"name\": \"image\", \"object\": \"TESTING model method| product id - 10 | image id - 16\"}}]"
    }
},
{
    "model": "admin.logentry",
    "pk": 55,
    "fields": {
        "action_time": "2023-03-20T16:34:51.881Z",
        "user": 2,
        "content_type": 8,
        "object_id": "10",
        "object_repr": "TESTING model method | product id - 10",
        "action_flag": 2,
        "change_message": "[{\"added\": {\"name\": \"image\", \"object\": \"TESTING model method| product id - 10 | image id - 17\"}}, {\"added\": {\"name\": \"image\", \"object\": \"TESTING model method| product id - 10 | image id - 18\"}}]"
    }
},
{
    "model": "admin.logentry",
    "pk": 56,
    "fields": {
        "action_time": "2023-03-20T16:35:02.108Z",
        "user": 2,
        "content_type": 8,
        "object_id": "10",
        "object_repr": "TESTING model method | product id - 10",
        "action_flag": 2,
        "change_message": "[{\"changed\": {\"name\": \"image\", \"object\": \"TESTING model method| product id - 10 | image id - 17\", \"fields\": [\"Title image\"]}}]"
    }
},
{
    "model": "admin.logentry",
    "pk": 57,
    "fields": {
        "action_time": "2023-03-20T16:35:39.244Z",
        "user": 2,
        "content_type": 8,
        "object_id": "10",
        "object_repr": "TESTING model method | product id - 10",
        "action_flag": 2,
        "change_message": "[{\"added\": {\"name\": \"image\", \"object\": \"TESTING model method| product id - 10 | image id - 19\"}}, {\"changed\": {\"name\": \"image\", \"object\": \"TESTING model method| product id - 10 | image id - 16\", \"fields\": [\"Title image\"]}}, {\"changed\": {\"name\": \"image\", \"object\": \"TESTING model method| product id - 10 | image id - 17\", \"fields\": [\"Title image\"]}}]"
    }
},
{
    "model": "admin.logentry",
    "pk": 58,
    "fields": {
        "action_time": "2023-03-20T16:35:51.660Z",
        "user": 2,
        "content_type": 8,
        "object_id": "10",
        "object_repr": "TESTING model method | product id - 10",
        "action_flag": 2,
        "change_message": "[{\"changed\": {\"name\": \"image\", \"object\": \"TESTING model method| product id - 10 | image id - 16\", \"fields\": [\"Title image\"]}}, {\"changed\": {\"name\": \"image\", \"object\": \"TESTING model method| product id - 10 | image id - 17\", \"fields\": [\"Title image\"]}}, {\"changed\": {\"name\": \"image\", \"object\": \"TESTING model method| product id - 10 | image id - 18\", \"fields\": [\"Title image\"]}}]"
    }
},
{
    "model": "admin.logentry",
    "pk": 59,
    "fields": {
        "action_time": "2023-03-20T16:36:31.781Z",
        "user": 2,
        "content_type": 8,
        "object_id": "10",
        "object_repr": "TESTING model method | product id - 10",
        "action_flag": 2,
        "change_message": "[{\"changed\": {\"name\": \"image\", \"object\": \"TESTING model method| product id - 10 | image id - 17\", \"fields\": [\"Title image\"]}}, {\"changed\": {\"name\": \"image\", \"object\": \"TESTING model method| product id - 10 | image id - 18\", \"fields\": [\"Title image\"]}}]"
    }
},
{
    "model": "admin.logentry",
    "pk": 60,
    "fields": {
        "action_time": "2023-03-20T16:37:42.069Z",
        "user": 2,
        "content_type": 8,
        "object_id": "10",
        "object_repr": "TESTING model method | product id - 10",
        "action_flag": 2,
        "change_message": "[{\"deleted\": {\"name\": \"image\", \"object\": \"TESTING model method| product id - 10 | image id - None\"}}, {\"deleted\": {\"name\": \"image\", \"object\": \"TESTING model method| product id - 10 | image id - None\"}}, {\"deleted\": {\"name\": \"image\", \"object\": \"TESTING model method| product id - 10 | image id - None\"}}]"
    }
},
{
    "model": "admin.logentry",
    "pk": 61,
    "fields": {
        "action_time": "2023-03-20T16:46:28.216Z",
        "user": 2,
        "content_type": 8,
        "object_id": "10",
        "object_repr": "TESTING model method | product id - 10",
        "action_flag": 2,
        "change_message": "[{\"added\": {\"name\": \"image\", \"object\": \"TESTING model method| product id - 10 | image id - 20\"}}, {\"added\": {\"name\": \"image\", \"object\": \"TESTING model method| product id - 10 | image id - 21\"}}, {\"changed\": {\"name\": \"image\", \"object\": \"TESTING model method| product id - 10 | image id - 16\", \"fields\": [\"Title image\"]}}]"
    }
},
{
    "model": "admin.logentry",
    "pk": 62,
    "fields": {
        "action_time": "2023-03-21T12:44:15.643Z",
        "user": 2,
        "content_type": 8,
        "object_id": "10",
        "object_repr": "TESTING model method | product id - 10",
        "action_flag": 2,
        "change_message": "[{\"changed\": {\"name\": \"image\", \"object\": \"TESTING model method| product id - 10 | image id - 20\", \"fields\": [\"Title image\"]}}]"
    }
},
{
    "model": "admin.logentry",
    "pk": 63,
    "fields": {
        "action_time": "2023-03-21T14:00:15.152Z",
        "user": 2,
        "content_type": 8,
        "object_id": "10",
        "object_repr": "TESTING model method | product id - 10",
        "action_flag": 2,
        "change_message": "[{\"added\": {\"name\": \"image\", \"object\": \"TESTING model method| product id - 10 | image id - 22\"}}, {\"changed\": {\"name\": \"image\", \"object\": \"TESTING model method| product id - 10 | image id - 20\", \"fields\": [\"Title image\"]}}]"
    }
},
{
    "model": "admin.logentry",
    "pk": 64,
    "fields": {
        "action_time": "2023-03-21T15:10:33.069Z",
        "user": 2,
        "content_type": 8,
        "object_id": "10",
        "object_repr": "TESTING model method | product id - 10",
        "action_flag": 2,
        "change_message": "[{\"changed\": {\"name\": \"image\", \"object\": \"TESTING model method| product id - 10 | image id - 20\", \"fields\": [\"Title image\"]}}, {\"changed\": {\"name\": \"image\", \"object\": \"TESTING model method| product id - 10 | image id - 22\", \"fields\": [\"Title image\"]}}]"
    }
},
{
    "model": "admin.logentry",
    "pk": 65,
    "fields": {
        "action_time": "2023-03-21T15:10:43.933Z",
        "user": 2,
        "content_type": 8,
        "object_id": "10",
        "object_repr": "TESTING model method | product id - 10",
        "action_flag": 2,
        "change_message": "[{\"changed\": {\"name\": \"image\", \"object\": \"TESTING model method| product id - 10 | image id - 16\", \"fields\": [\"Title image\"]}}]"
    }
},
{
    "model": "admin.logentry",
    "pk": 66,
    "fields": {
        "action_time": "2023-03-21T15:18:59.852Z",
        "user": 2,
        "content_type": 8,
        "object_id": "10",
        "object_repr": "TESTING model method | product id - 10",
        "action_flag": 2,
        "change_message": "[{\"changed\": {\"name\": \"image\", \"object\": \"TESTING model method| product id - 10 | image id - 20\", \"fields\": [\"Title image\"]}}, {\"changed\": {\"name\": \"image\", \"object\": \"TESTING model method| product id - 10 | image id - 21\", \"fields\": [\"Title image\"]}}, {\"changed\": {\"name\": \"image\", \"object\": \"TESTING model method| product id - 10 | image id - 22\", \"fields\": [\"Title image\"]}}]"
    }
},
{
    "model": "admin.logentry",
    "pk": 67,
    "fields": {
        "action_time": "2023-03-21T15:19:14.884Z",
        "user": 2,
        "content_type": 8,
        "object_id": "10",
        "object_repr": "TESTING model method | product id - 10",
        "action_flag": 2,
        "change_message": "[{\"changed\": {\"name\": \"image\", \"object\": \"TESTING model method| product id - 10 | image id - 16\", \"fields\": [\"Title image\"]}}, {\"changed\": {\"name\": \"image\", \"object\": \"TESTING model method| product id - 10 | image id - 20\", \"fields\": [\"Title image\"]}}]"
    }
},
{
    "model": "admin.logentry",
    "pk": 68,
    "fields": {
        "action_time": "2023-03-21T15:19:33.069Z",
        "user": 2,
        "content_type": 8,
        "object_id": "10",
        "object_repr": "TESTING model method | product id - 10",
        "action_flag": 2,
        "change_message": "[{\"changed\": {\"name\": \"image\", \"object\": \"TESTING model method| product id - 10 | image id - 21\", \"fields\": [\"Title image\"]}}]"
    }
},
{
    "model": "admin.logentry",
    "pk": 69,
    "fields": {
        "action_time": "2023-03-21T15:19:46.368Z",
        "user": 2,
        "content_type": 8,
        "object_id": "10",
        "object_repr": "TESTING model method | product id - 10",
        "action_flag": 2,
        "change_message": "[{\"changed\": {\"name\": \"image\", \"object\": \"TESTING model method| product id - 10 | image id - 21\", \"fields\": [\"Title image\"]}}]"
    }
},
{
    "model": "admin.logentry",
    "pk": 70,
    "fields": {
        "action_time": "2023-03-21T15:19:54.209Z",
        "user": 2,
        "content_type": 8,
        "object_id": "10",
        "object_repr": "TESTING model method | product id - 10",
        "action_flag": 2,
        "change_message": "[{\"changed\": {\"name\": \"image\", \"object\": \"TESTING model method| product id - 10 | image id - 20\", \"fields\": [\"Title image\"]}}, {\"changed\": {\"name\": \"image\", \"object\": \"TESTING model method| product id - 10 | image id - 21\", \"fields\": [\"Title image\"]}}]"
    }
},
{
    "model": "admin.logentry",
    "pk": 71,
    "fields": {
        "action_time": "2023-03-21T15:20:02.398Z",
        "user": 2,
        "content_type": 8,
        "object_id": "10",
        "object_repr": "TESTING model method | product id - 10",
        "action_flag": 2,
        "change_message": "[{\"changed\": {\"name\": \"image\", \"object\": \"TESTING model method| product id - 10 | image id - 20\", \"fields\": [\"Title image\"]}}, {\"changed\": {\"name\": \"image\", \"object\": \"TESTING model method| product id - 10 | image id - 21\", \"fields\": [\"Title image\"]}}]"
    }
},
{
    "model": "admin.logentry",
    "pk": 72,
    "fields": {
        "action_time": "2023-03-21T15:20:58.452Z",
        "user": 2,
        "content_type": 8,
        "object_id": "10",
        "object_repr": "TESTING model method | product id - 10",
        "action_flag": 2,
        "change_message": "[{\"changed\": {\"name\": \"image\", \"object\": \"TESTING model method| product id - 10 | image id - 21\", \"fields\": [\"Title image\"]}}, {\"changed\": {\"name\": \"image\", \"object\": \"TESTING model method| product id - 10 | image id - 22\", \"fields\": [\"Title image\"]}}]"
    }
},
{
    "model": "admin.logentry",
    "pk": 73,
    "fields": {
        "action_time": "2023-03-21T15:46:50.734Z",
        "user": 2,
        "content_type": 8,
        "object_id": "10",
        "object_repr": "TESTING model method | product id - 10",
        "action_flag": 2,
        "change_message": "[{\"changed\": {\"name\": \"image\", \"object\": \"TESTING model method| product id - 10 | image id - 21\", \"fields\": [\"Title image\"]}}]"
    }
},
{
    "model": "admin.logentry",
    "pk": 74,
    "fields": {
        "action_time": "2023-03-21T16:36:01.705Z",
        "user": 2,
        "content_type": 8,
        "object_id": "10",
        "object_repr": "TESTING model method | product id - 10",
        "action_flag": 2,
        "change_message": "[{\"changed\": {\"name\": \"image\", \"object\": \"TESTING model method| product id - 10 | image id - 16\", \"fields\": [\"Title image\"]}}]"
    }
},
{
    "model": "admin.logentry",
    "pk": 75,
    "fields": {
        "action_time": "2023-03-21T16:36:11.289Z",
        "user": 2,
        "content_type": 8,
        "object_id": "10",
        "object_repr": "TESTING model method | product id - 10",
        "action_flag": 2,
        "change_message": "[]"
    }
},
{
    "model": "admin.logentry",
    "pk": 76,
    "fields": {
        "action_time": "2023-03-21T16:44:14.544Z",
        "user": 2,
        "content_type": 8,
        "object_id": "10",
        "object_repr": "TESTING model method | product id - 10",
        "action_flag": 2,
        "change_message": "[{\"changed\": {\"name\": \"image\", \"object\": \"TESTING model method| product id - 10 | image id - 16\", \"fields\": [\"Title image\"]}}, {\"changed\": {\"name\": \"image\", \"object\": \"TESTING model method| product id - 10 | image id - 22\", \"fields\": [\"Title image\"]}}]"
    }
},
{
    "model": "admin.logentry",
    "pk": 77,
    "fields": {
        "action_time": "2023-03-21T16:44:27.616Z",
        "user": 2,
        "content_type": 8,
        "object_id": "10",
        "object_repr": "TESTING model method | product id - 10",
        "action_flag": 2,
        "change_message": "[{\"changed\": {\"name\": \"image\", \"object\": \"TESTING model method| product id - 10 | image id - 16\", \"fields\": [\"Title image\"]}}]"
    }
},
{
    "model": "admin.logentry",
    "pk": 78,
    "fields": {
        "action_time": "2023-03-21T16:44:36.203Z",
        "user": 2,
        "content_type": 8,
        "object_id": "10",
        "object_repr": "TESTING model method | product id - 10",
        "action_flag": 2,
        "change_message": "[{\"changed\": {\"name\": \"image\", \"object\": \"TESTING model method| product id - 10 | image id - 16\", \"fields\": [\"Title image\"]}}, {\"changed\": {\"name\": \"image\", \"object\": \"TESTING model method| product id - 10 | image id - 22\", \"fields\": [\"Title image\"]}}]"
    }
},
{
    "model": "admin.logentry",
    "pk": 79,
    "fields": {
        "action_time": "2023-03-21T16:44:48.546Z",
        "user": 2,
        "content_type": 8,
        "object_id": "10",
        "object_repr": "TESTING model method | product id - 10",
        "action_flag": 2,
        "change_message": "[{\"changed\": {\"name\": \"image\", \"object\": \"TESTING model method| product id - 10 | image id - 16\", \"fields\": [\"Title image\"]}}]"
    }
},
{
    "model": "admin.logentry",
    "pk": 80,
    "fields": {
        "action_time": "2023-03-21T16:44:56.859Z",
        "user": 2,
        "content_type": 8,
        "object_id": "10",
        "object_repr": "TESTING model method | product id - 10",
        "action_flag": 2,
        "change_message": "[{\"deleted\": {\"name\": \"image\", \"object\": \"TESTING model method| product id - 10 | image id - None\"}}]"
    }
},
{
    "model": "admin.logentry",
    "pk": 81,
    "fields": {
        "action_time": "2023-03-21T16:51:44.421Z",
        "user": 2,
        "content_type": 8,
        "object_id": "10",
        "object_repr": "TESTING model method | product id - 10",
        "action_flag": 2,
        "change_message": "[{\"changed\": {\"name\": \"image\", \"object\": \"TESTING model method| product id - 10 | image id - 21\", \"fields\": [\"Title image\"]}}]"
    }
},
{
    "model": "admin.logentry",
    "pk": 82,
    "fields": {
        "action_time": "2023-03-21T16:53:32.358Z",
        "user": 2,
        "content_type": 8,
        "object_id": "10",
        "object_repr": "TESTING model method | product id - 10",
        "action_flag": 2,
        "change_message": "[{\"changed\": {\"name\": \"image\", \"object\": \"TESTING model method| product id - 10 | image id - 20\", \"fields\": [\"Title image\"]}}, {\"changed\": {\"name\": \"image\", \"object\": \"TESTING model method| product id - 10 | image id - 21\", \"fields\": [\"Title image\"]}}]"
    }
},
{
    "model": "admin.logentry",
    "pk": 83,
    "fields": {
        "action_time": "2023-03-21T16:54:27.014Z",
        "user": 2,
        "content_type": 8,
        "object_id": "10",
        "object_repr": "TESTING model method | product id - 10",
        "action_flag": 2,
        "change_message": "[{\"changed\": {\"name\": \"image\", \"object\": \"TESTING model method| product id - 10 | image id - 20\", \"fields\": [\"Title image\"]}}]"
    }
},
{
    "model": "admin.logentry",
    "pk": 84,
    "fields": {
        "action_time": "2023-03-21T16:54:33.273Z",
        "user": 2,
        "content_type": 8,
        "object_id": "10",
        "object_repr": "TESTING model method | product id - 10",
        "action_flag": 2,
        "change_message": "[]"
    }
},
{
    "model": "admin.logentry",
    "pk": 85,
    "fields": {
        "action_time": "2023-03-21T16:54:54.450Z",
        "user": 2,
        "content_type": 8,
        "object_id": "10",
        "object_repr": "TESTING model method | product id - 10",
        "action_flag": 2,
        "change_message": "[{\"added\": {\"name\": \"image\", \"object\": \"TESTING model method| product id - 10 | image id - 23\"}}]"
    }
},
{
    "model": "admin.logentry",
    "pk": 86,
    "fields": {
        "action_time": "2023-03-21T16:56:48.501Z",
        "user": 2,
        "content_type": 8,
        "object_id": "11",
        "object_repr": "new | product id - 11",
        "action_flag": 1,
        "change_message": "[{\"added\": {}}, {\"added\": {\"name\": \"image\", \"object\": \"new| product id - 11 | image id - 24\"}}]"
    }
},
{
    "model": "admin.logentry",
    "pk": 87,
    "fields": {
        "action_time": "2023-03-21T16:57:08.303Z",
        "user": 2,
        "content_type": 8,
        "object_id": "11",
        "object_repr": "new | product id - 11",
        "action_flag": 3,
        "change_message": ""
    }
},
{
    "model": "admin.logentry",
    "pk": 88,
    "fields": {
        "action_time": "2023-03-22T13:36:08.530Z",
        "user": 1,
        "content_type": 8,
        "object_id": "10",
        "object_repr": "TESTING model method | product id - 10",
        "action_flag": 2,
        "change_message": "[{\"changed\": {\"name\": \"image\", \"object\": \"TESTING model method| product id - 10 | image id - 21\", \"fields\": [\"Title image\"]}}]"
    }
},
{
    "model": "admin.logentry",
    "pk": 89,
    "fields": {
        "action_time": "2023-03-22T13:36:16.860Z",
        "user": 1,
        "content_type": 8,
        "object_id": "10",
        "object_repr": "TESTING model method | product id - 10",
        "action_flag": 2,
        "change_message": "[{\"changed\": {\"name\": \"image\", \"object\": \"TESTING model method| product id - 10 | image id - 20\", \"fields\": [\"Title image\"]}}, {\"changed\": {\"name\": \"image\", \"object\": \"TESTING model method| product id - 10 | image id - 21\", \"fields\": [\"Title image\"]}}, {\"changed\": {\"name\": \"image\", \"object\": \"TESTING model method| product id - 10 | image id - 22\", \"fields\": [\"Title image\"]}}]"
    }
},
{
    "model": "admin.logentry",
    "pk": 90,
    "fields": {
        "action_time": "2023-03-22T13:36:24.895Z",
        "user": 1,
        "content_type": 8,
        "object_id": "10",
        "object_repr": "TESTING model method | product id - 10",
        "action_flag": 2,
        "change_message": "[{\"changed\": {\"name\": \"image\", \"object\": \"TESTING model method| product id - 10 | image id - 22\", \"fields\": [\"Title image\"]}}, {\"changed\": {\"name\": \"image\", \"object\": \"TESTING model method| product id - 10 | image id - 23\", \"fields\": [\"Title image\"]}}]"
    }
},
{
    "model": "admin.logentry",
    "pk": 91,
    "fields": {
        "action_time": "2023-03-22T13:36:30.648Z",
        "user": 1,
        "content_type": 8,
        "object_id": "10",
        "object_repr": "TESTING model method | product id - 10",
        "action_flag": 2,
        "change_message": "[{\"changed\": {\"name\": \"image\", \"object\": \"TESTING model method| product id - 10 | image id - 20\", \"fields\": [\"Title image\"]}}]"
    }
},
{
    "model": "admin.logentry",
    "pk": 92,
    "fields": {
        "action_time": "2023-03-22T13:36:38.619Z",
        "user": 1,
        "content_type": 8,
        "object_id": "10",
        "object_repr": "TESTING model method | product id - 10",
        "action_flag": 2,
        "change_message": "[{\"changed\": {\"name\": \"image\", \"object\": \"TESTING model method| product id - 10 | image id - 20\", \"fields\": [\"Title image\"]}}, {\"changed\": {\"name\": \"image\", \"object\": \"TESTING model method| product id - 10 | image id - 21\", \"fields\": [\"Title image\"]}}]"
    }
},
{
    "model": "admin.logentry",
    "pk": 93,
    "fields": {
        "action_time": "2023-03-22T13:37:35.078Z",
        "user": 1,
        "content_type": 8,
        "object_id": "10",
        "object_repr": "TESTING model method | product id - 10",
        "action_flag": 2,
        "change_message": "[{\"changed\": {\"name\": \"image\", \"object\": \"TESTING model method| product id - 10 | image id - 21\", \"fields\": [\"Title image\"]}}]"
    }
},
{
    "model": "admin.logentry",
    "pk": 94,
    "fields": {
        "action_time": "2023-03-22T13:37:39.930Z",
        "user": 1,
        "content_type": 8,
        "object_id": "10",
        "object_repr": "TESTING model method | product id - 10",
        "action_flag": 2,
        "change_message": "[{\"changed\": {\"name\": \"image\", \"object\": \"TESTING model method| product id - 10 | image id - 20\", \"fields\": [\"Title image\"]}}]"
    }
},
{
    "model": "admin.logentry",
    "pk": 95,
    "fields": {
        "action_time": "2023-03-22T13:37:44.922Z",
        "user": 1,
        "content_type": 8,
        "object_id": "10",
        "object_repr": "TESTING model method | product id - 10",
        "action_flag": 2,
        "change_message": "[{\"changed\": {\"name\": \"image\", \"object\": \"TESTING model method| product id - 10 | image id - 20\", \"fields\": [\"Title image\"]}}, {\"changed\": {\"name\": \"image\", \"object\": \"TESTING model method| product id - 10 | image id - 21\", \"fields\": [\"Title image\"]}}]"
    }
},
{
    "model": "admin.logentry",
    "pk": 96,
    "fields": {
        "action_time": "2023-03-22T13:37:50.424Z",
        "user": 1,
        "content_type": 8,
        "object_id": "10",
        "object_repr": "TESTING model method | product id - 10",
        "action_flag": 2,
        "change_message": "[{\"changed\": {\"name\": \"image\", \"object\": \"TESTING model method| product id - 10 | image id - 20\", \"fields\": [\"Title image\"]}}]"
    }
},
{
    "model": "admin.logentry",
    "pk": 97,
    "fields": {
        "action_time": "2023-03-22T13:41:15.590Z",
        "user": 1,
        "content_type": 8,
        "object_id": "10",
        "object_repr": "TESTING model method | product id - 10",
        "action_flag": 2,
        "change_message": "[{\"changed\": {\"name\": \"image\", \"object\": \"TESTING model method| product id - 10 | image id - 21\", \"fields\": [\"Title image\"]}}, {\"changed\": {\"name\": \"image\", \"object\": \"TESTING model method| product id - 10 | image id - 22\", \"fields\": [\"Title image\"]}}]"
    }
},
{
    "model": "admin.logentry",
    "pk": 98,
    "fields": {
        "action_time": "2023-03-22T13:42:10.644Z",
        "user": 1,
        "content_type": 8,
        "object_id": "10",
        "object_repr": "TESTING model method | product id - 10",
        "action_flag": 2,
        "change_message": "[{\"changed\": {\"name\": \"image\", \"object\": \"TESTING model method| product id - 10 | image id - 21\", \"fields\": [\"Title image\"]}}, {\"changed\": {\"name\": \"image\", \"object\": \"TESTING model method| product id - 10 | image id - 22\", \"fields\": [\"Title image\"]}}, {\"changed\": {\"name\": \"image\", \"object\": \"TESTING model method| product id - 10 | image id - 23\", \"fields\": [\"Title image\"]}}]"
    }
},
{
    "model": "admin.logentry",
    "pk": 99,
    "fields": {
        "action_time": "2023-03-22T13:42:37.649Z",
        "user": 1,
        "content_type": 8,
        "object_id": "10",
        "object_repr": "TESTING model method | product id - 10",
        "action_flag": 2,
        "change_message": "[{\"changed\": {\"name\": \"image\", \"object\": \"TESTING model method| product id - 10 | image id - 20\", \"fields\": [\"Title image\"]}}, {\"changed\": {\"name\": \"image\", \"object\": \"TESTING model method| product id - 10 | image id - 21\", \"fields\": [\"Title image\"]}}, {\"changed\": {\"name\": \"image\", \"object\": \"TESTING model method| product id - 10 | image id - 22\", \"fields\": [\"Title image\"]}}, {\"changed\": {\"name\": \"image\", \"object\": \"TESTING model method| product id - 10 | image id - 23\", \"fields\": [\"Title image\"]}}]"
    }
},
{
    "model": "admin.logentry",
    "pk": 100,
    "fields": {
        "action_time": "2023-03-22T13:52:07.827Z",
        "user": 1,
        "content_type": 8,
        "object_id": "10",
        "object_repr": "TESTING model method | product id - 10",
        "action_flag": 2,
        "change_message": "[{\"changed\": {\"name\": \"image\", \"object\": \"TESTING model method| product id - 10 | image id - 20\", \"fields\": [\"Title image\"]}}, {\"changed\": {\"name\": \"image\", \"object\": \"TESTING model method| product id - 10 | image id - 21\", \"fields\": [\"Title image\"]}}]"
    }
},
{
    "model": "admin.logentry",
    "pk": 101,
    "fields": {
        "action_time": "2023-03-22T13:52:17.192Z",
        "user": 1,
        "content_type": 8,
        "object_id": "10",
        "object_repr": "TESTING model method | product id - 10",
        "action_flag": 2,
        "change_message": "[{\"changed\": {\"name\": \"image\", \"object\": \"TESTING model method| product id - 10 | image id - 20\", \"fields\": [\"Title image\"]}}, {\"changed\": {\"name\": \"image\", \"object\": \"TESTING model method| product id - 10 | image id - 21\", \"fields\": [\"Title image\"]}}]"
    }
},
{
    "model": "admin.logentry",
    "pk": 102,
    "fields": {
        "action_time": "2023-03-22T13:54:17.724Z",
        "user": 1,
        "content_type": 8,
        "object_id": "10",
        "object_repr": "TESTING model method | product id - 10",
        "action_flag": 2,
        "change_message": "[{\"changed\": {\"name\": \"image\", \"object\": \"TESTING model method| product id - 10 | image id - 21\", \"fields\": [\"Title image\"]}}]"
    }
},
{
    "model": "admin.logentry",
    "pk": 103,
    "fields": {
        "action_time": "2023-03-22T13:54:24.657Z",
        "user": 1,
        "content_type": 8,
        "object_id": "10",
        "object_repr": "TESTING model method | product id - 10",
        "action_flag": 2,
        "change_message": "[{\"changed\": {\"name\": \"image\", \"object\": \"TESTING model method| product id - 10 | image id - 22\", \"fields\": [\"Title image\"]}}]"
    }
},
{
    "model": "admin.logentry",
    "pk": 104,
    "fields": {
        "action_time": "2023-03-22T13:54:31.159Z",
        "user": 1,
        "content_type": 8,
        "object_id": "10",
        "object_repr": "TESTING model method | product id - 10",
        "action_flag": 2,
        "change_message": "[{\"changed\": {\"name\": \"image\", \"object\": \"TESTING model method| product id - 10 | image id - 20\", \"fields\": [\"Title image\"]}}]"
    }
},
{
    "model": "admin.logentry",
    "pk": 105,
    "fields": {
        "action_time": "2023-03-22T13:54:39.063Z",
        "user": 1,
        "content_type": 8,
        "object_id": "10",
        "object_repr": "TESTING model method | product id - 10",
        "action_flag": 2,
        "change_message": "[{\"changed\": {\"name\": \"image\", \"object\": \"TESTING model method| product id - 10 | image id - 23\", \"fields\": [\"Title image\"]}}]"
    }
},
{
    "model": "admin.logentry",
    "pk": 106,
    "fields": {
        "action_time": "2023-03-22T13:54:46.610Z",
        "user": 1,
        "content_type": 8,
        "object_id": "10",
        "object_repr": "TESTING model method | product id - 10",
        "action_flag": 2,
        "change_message": "[{\"changed\": {\"name\": \"image\", \"object\": \"TESTING model method| product id - 10 | image id - 22\", \"fields\": [\"Title image\"]}}]"
    }
},
{
    "model": "admin.logentry",
    "pk": 107,
    "fields": {
        "action_time": "2023-03-22T13:54:55.103Z",
        "user": 1,
        "content_type": 8,
        "object_id": "10",
        "object_repr": "TESTING model method | product id - 10",
        "action_flag": 2,
        "change_message": "[{\"changed\": {\"name\": \"image\", \"object\": \"TESTING model method| product id - 10 | image id - 21\", \"fields\": [\"Title image\"]}}]"
    }
},
{
    "model": "admin.logentry",
    "pk": 108,
    "fields": {
        "action_time": "2023-03-22T13:55:00.458Z",
        "user": 1,
        "content_type": 8,
        "object_id": "10",
        "object_repr": "TESTING model method | product id - 10",
        "action_flag": 2,
        "change_message": "[{\"changed\": {\"name\": \"image\", \"object\": \"TESTING model method| product id - 10 | image id - 20\", \"fields\": [\"Title image\"]}}]"
    }
},
{
    "model": "admin.logentry",
    "pk": 109,
    "fields": {
        "action_time": "2023-03-22T13:55:07.166Z",
        "user": 1,
        "content_type": 8,
        "object_id": "10",
        "object_repr": "TESTING model method | product id - 10",
        "action_flag": 2,
        "change_message": "[{\"changed\": {\"name\": \"image\", \"object\": \"TESTING model method| product id - 10 | image id - 20\", \"fields\": [\"Title image\"]}}, {\"changed\": {\"name\": \"image\", \"object\": \"TESTING model method| product id - 10 | image id - 21\", \"fields\": [\"Title image\"]}}]"
    }
},
{
    "model": "admin.logentry",
    "pk": 110,
    "fields": {
        "action_time": "2023-03-22T13:55:12.369Z",
        "user": 1,
        "content_type": 8,
        "object_id": "10",
        "object_repr": "TESTING model method | product id - 10",
        "action_flag": 2,
        "change_message": "[{\"changed\": {\"name\": \"image\", \"object\": \"TESTING model method| product id - 10 | image id - 21\", \"fields\": [\"Title image\"]}}, {\"changed\": {\"name\": \"image\", \"object\": \"TESTING model method| product id - 10 | image id - 22\", \"fields\": [\"Title image\"]}}]"
    }
},
{
    "model": "admin.logentry",
    "pk": 111,
    "fields": {
        "action_time": "2023-03-22T13:55:19.195Z",
        "user": 1,
        "content_type": 8,
        "object_id": "10",
        "object_repr": "TESTING model method | product id - 10",
        "action_flag": 2,
        "change_message": "[{\"changed\": {\"name\": \"image\", \"object\": \"TESTING model method| product id - 10 | image id - 20\", \"fields\": [\"Title image\"]}}, {\"changed\": {\"name\": \"image\", \"object\": \"TESTING model method| product id - 10 | image id - 21\", \"fields\": [\"Title image\"]}}]"
    }
},
{
    "model": "admin.logentry",
    "pk": 112,
    "fields": {
        "action_time": "2023-03-22T13:55:30.843Z",
        "user": 1,
        "content_type": 8,
        "object_id": "10",
        "object_repr": "TESTING model method | product id - 10",
        "action_flag": 2,
        "change_message": "[{\"changed\": {\"name\": \"image\", \"object\": \"TESTING model method| product id - 10 | image id - 20\", \"fields\": [\"Title image\"]}}, {\"changed\": {\"name\": \"image\", \"object\": \"TESTING model method| product id - 10 | image id - 22\", \"fields\": [\"Title image\"]}}, {\"changed\": {\"name\": \"image\", \"object\": \"TESTING model method| product id - 10 | image id - 23\", \"fields\": [\"Title image\"]}}]"
    }
},
{
    "model": "admin.logentry",
    "pk": 113,
    "fields": {
        "action_time": "2023-03-22T13:56:06.999Z",
        "user": 1,
        "content_type": 8,
        "object_id": "10",
        "object_repr": "TESTING model method | product id - 10",
        "action_flag": 2,
        "change_message": "[{\"changed\": {\"name\": \"image\", \"object\": \"TESTING model method| product id - 10 | image id - 20\", \"fields\": [\"Title image\"]}}, {\"changed\": {\"name\": \"image\", \"object\": \"TESTING model method| product id - 10 | image id - 21\", \"fields\": [\"Title image\"]}}, {\"changed\": {\"name\": \"image\", \"object\": \"TESTING model method| product id - 10 | image id - 22\", \"fields\": [\"Title image\"]}}]"
    }
},
{
    "model": "admin.logentry",
    "pk": 114,
    "fields": {
        "action_time": "2023-03-22T13:56:51.927Z",
        "user": 1,
        "content_type": 8,
        "object_id": "10",
        "object_repr": "TESTING model method | product id - 10",
        "action_flag": 2,
        "change_message": "[{\"changed\": {\"name\": \"image\", \"object\": \"TESTING model method| product id - 10 | image id - 20\", \"fields\": [\"Title image\"]}}, {\"changed\": {\"name\": \"image\", \"object\": \"TESTING model method| product id - 10 | image id - 21\", \"fields\": [\"Title image\"]}}, {\"changed\": {\"name\": \"image\", \"object\": \"TESTING model method| product id - 10 | image id - 22\", \"fields\": [\"Title image\"]}}, {\"changed\": {\"name\": \"image\", \"object\": \"TESTING model method| product id - 10 | image id - 23\", \"fields\": [\"Title image\"]}}]"
    }
},
{
    "model": "admin.logentry",
    "pk": 115,
    "fields": {
        "action_time": "2023-03-22T13:57:14.170Z",
        "user": 1,
        "content_type": 8,
        "object_id": "10",
        "object_repr": "TESTING model method | product id - 10",
        "action_flag": 2,
        "change_message": "[{\"changed\": {\"name\": \"image\", \"object\": \"TESTING model method| product id - 10 | image id - 20\", \"fields\": [\"Title image\"]}}]"
    }
},
{
    "model": "admin.logentry",
    "pk": 116,
    "fields": {
        "action_time": "2023-03-22T13:58:34.786Z",
        "user": 1,
        "content_type": 8,
        "object_id": "10",
        "object_repr": "TESTING model method | product id - 10",
        "action_flag": 2,
        "change_message": "[{\"added\": {\"name\": \"image\", \"object\": \"TESTING model method| product id - 10 | image id - 25\"}}]"
    }
},
{
    "model": "admin.logentry",
    "pk": 117,
    "fields": {
        "action_time": "2023-03-22T13:58:45.124Z",
        "user": 1,
        "content_type": 8,
        "object_id": "10",
        "object_repr": "TESTING model method | product id - 10",
        "action_flag": 2,
        "change_message": "[{\"deleted\": {\"name\": \"image\", \"object\": \"TESTING model method| product id - 10 | image id - None\"}}]"
    }
},
{
    "model": "admin.logentry",
    "pk": 118,
    "fields": {
        "action_time": "2023-03-22T14:05:41.026Z",
        "user": 1,
        "content_type": 8,
        "object_id": "10",
        "object_repr": "TESTING model method | product id - 10",
        "action_flag": 2,
        "change_message": "[{\"changed\": {\"name\": \"image\", \"object\": \"TESTING model method| product id - 10 | image id - 20\", \"fields\": [\"Title image\"]}}, {\"changed\": {\"name\": \"image\", \"object\": \"TESTING model method| product id - 10 | image id - 21\", \"fields\": [\"Title image\"]}}, {\"changed\": {\"name\": \"image\", \"object\": \"TESTING model method| product id - 10 | image id - 22\", \"fields\": [\"Title image\"]}}, {\"changed\": {\"name\": \"image\", \"object\": \"TESTING model method| product id - 10 | image id - 23\", \"fields\": [\"Title image\"]}}]"
    }
},
{
    "model": "admin.logentry",
    "pk": 119,
    "fields": {
        "action_time": "2023-03-22T14:07:33.713Z",
        "user": 1,
        "content_type": 8,
        "object_id": "10",
        "object_repr": "TESTING model method | product id - 10",
        "action_flag": 2,
        "change_message": "[{\"changed\": {\"name\": \"image\", \"object\": \"TESTING model method| product id - 10 | image id - 20\", \"fields\": [\"Title image\"]}}, {\"changed\": {\"name\": \"image\", \"object\": \"TESTING model method| product id - 10 | image id - 21\", \"fields\": [\"Title image\"]}}, {\"changed\": {\"name\": \"image\", \"object\": \"TESTING model method| product id - 10 | image id - 22\", \"fields\": [\"Title image\"]}}, {\"changed\": {\"name\": \"image\", \"object\": \"TESTING model method| product id - 10 | image id - 23\", \"fields\": [\"Title image\"]}}]"
    }
},
{
    "model": "admin.logentry",
    "pk": 120,
    "fields": {
        "action_time": "2023-03-22T14:07:45.631Z",
        "user": 1,
        "content_type": 8,
        "object_id": "10",
        "object_repr": "TESTING model method | product id - 10",
        "action_flag": 2,
        "change_message": "[{\"changed\": {\"name\": \"image\", \"object\": \"TESTING model method| product id - 10 | image id - 20\", \"fields\": [\"Title image\"]}}, {\"changed\": {\"name\": \"image\", \"object\": \"TESTING model method| product id - 10 | image id - 21\", \"fields\": [\"Title image\"]}}, {\"changed\": {\"name\": \"image\", \"object\": \"TESTING model method| product id - 10 | image id - 22\", \"fields\": [\"Title image\"]}}]"
    }
},
{
    "model": "admin.logentry",
    "pk": 121,
    "fields": {
        "action_time": "2023-03-22T14:07:53.397Z",
        "user": 1,
        "content_type": 8,
        "object_id": "10",
        "object_repr": "TESTING model method | product id - 10",
        "action_flag": 2,
        "change_message": "[{\"changed\": {\"name\": \"image\", \"object\": \"TESTING model method| product id - 10 | image id - 20\", \"fields\": [\"Title image\"]}}, {\"changed\": {\"name\": \"image\", \"object\": \"TESTING model method| product id - 10 | image id - 22\", \"fields\": [\"Title image\"]}}]"
    }
},
{
    "model": "admin.logentry",
    "pk": 122,
    "fields": {
        "action_time": "2023-03-22T14:08:01.201Z",
        "user": 1,
        "content_type": 8,
        "object_id": "10",
        "object_repr": "TESTING model method | product id - 10",
        "action_flag": 2,
        "change_message": "[{\"changed\": {\"name\": \"image\", \"object\": \"TESTING model method| product id - 10 | image id - 20\", \"fields\": [\"Title image\"]}}, {\"changed\": {\"name\": \"image\", \"object\": \"TESTING model method| product id - 10 | image id - 22\", \"fields\": [\"Title image\"]}}]"
    }
},
{
    "model": "admin.logentry",
    "pk": 123,
    "fields": {
        "action_time": "2023-03-22T14:08:56.082Z",
        "user": 1,
        "content_type": 8,
        "object_id": "10",
        "object_repr": "TESTING model method | product id - 10",
        "action_flag": 2,
        "change_message": "[{\"changed\": {\"name\": \"image\", \"object\": \"TESTING model method| product id - 10 | image id - 20\", \"fields\": [\"Title image\"]}}, {\"changed\": {\"name\": \"image\", \"object\": \"TESTING model method| product id - 10 | image id - 21\", \"fields\": [\"Title image\"]}}, {\"changed\": {\"name\": \"image\", \"object\": \"TESTING model method| product id - 10 | image id - 22\", \"fields\": [\"Title image\"]}}, {\"changed\": {\"name\": \"image\", \"object\": \"TESTING model method| product id - 10 | image id - 23\", \"fields\": [\"Title image\"]}}]"
    }
},
{
    "model": "admin.logentry",
    "pk": 124,
    "fields": {
        "action_time": "2023-03-22T14:09:05.762Z",
        "user": 1,
        "content_type": 8,
        "object_id": "10",
        "object_repr": "TESTING model method | product id - 10",
        "action_flag": 2,
        "change_message": "[{\"changed\": {\"name\": \"image\", \"object\": \"TESTING model method| product id - 10 | image id - 20\", \"fields\": [\"Title image\"]}}]"
    }
},
{
    "model": "admin.logentry",
    "pk": 125,
    "fields": {
        "action_time": "2023-03-22T14:09:12.946Z",
        "user": 1,
        "content_type": 8,
        "object_id": "10",
        "object_repr": "TESTING model method | product id - 10",
        "action_flag": 2,
        "change_message": "[{\"changed\": {\"name\": \"image\", \"object\": \"TESTING model method| product id - 10 | image id - 23\", \"fields\": [\"Title image\"]}}]"
    }
},
{
    "model": "admin.logentry",
    "pk": 126,
    "fields": {
        "action_time": "2023-03-22T14:09:21.543Z",
        "user": 1,
        "content_type": 8,
        "object_id": "10",
        "object_repr": "TESTING model method | product id - 10",
        "action_flag": 2,
        "change_message": "[{\"changed\": {\"name\": \"image\", \"object\": \"TESTING model method| product id - 10 | image id - 20\", \"fields\": [\"Title image\"]}}, {\"changed\": {\"name\": \"image\", \"object\": \"TESTING model method| product id - 10 | image id - 23\", \"fields\": [\"Title image\"]}}]"
    }
},
{
    "model": "admin.logentry",
    "pk": 127,
    "fields": {
        "action_time": "2023-03-22T14:09:43.785Z",
        "user": 1,
        "content_type": 8,
        "object_id": "10",
        "object_repr": "TESTING model method | product id - 10",
        "action_flag": 2,
        "change_message": "[{\"changed\": {\"name\": \"image\", \"object\": \"TESTING model method| product id - 10 | image id - 20\", \"fields\": [\"Title image\"]}}]"
    }
},
{
    "model": "admin.logentry",
    "pk": 128,
    "fields": {
        "action_time": "2023-03-22T14:09:54.705Z",
        "user": 1,
        "content_type": 8,
        "object_id": "10",
        "object_repr": "TESTING model method | product id - 10",
        "action_flag": 2,
        "change_message": "[{\"changed\": {\"name\": \"image\", \"object\": \"TESTING model method| product id - 10 | image id - 22\", \"fields\": [\"Title image\"]}}]"
    }
},
{
    "model": "admin.logentry",
    "pk": 129,
    "fields": {
        "action_time": "2023-03-22T14:09:59.510Z",
        "user": 1,
        "content_type": 8,
        "object_id": "10",
        "object_repr": "TESTING model method | product id - 10",
        "action_flag": 2,
        "change_message": "[{\"changed\": {\"name\": \"image\", \"object\": \"TESTING model method| product id - 10 | image id - 21\", \"fields\": [\"Title image\"]}}]"
    }
},
{
    "model": "admin.logentry",
    "pk": 130,
    "fields": {
        "action_time": "2023-03-22T14:10:12.131Z",
        "user": 1,
        "content_type": 8,
        "object_id": "10",
        "object_repr": "TESTING model method | product id - 10",
        "action_flag": 2,
        "change_message": "[{\"changed\": {\"name\": \"image\", \"object\": \"TESTING model method| product id - 10 | image id - 20\", \"fields\": [\"Title image\"]}}, {\"changed\": {\"name\": \"image\", \"object\": \"TESTING model method| product id - 10 | image id - 21\", \"fields\": [\"Title image\"]}}]"
    }
},
{
    "model": "admin.logentry",
    "pk": 131,
    "fields": {
        "action_time": "2023-03-22T14:10:19.583Z",
        "user": 1,
        "content_type": 8,
        "object_id": "10",
        "object_repr": "TESTING model method | product id - 10",
        "action_flag": 2,
        "change_message": "[{\"changed\": {\"name\": \"image\", \"object\": \"TESTING model method| product id - 10 | image id - 20\", \"fields\": [\"Title image\"]}}, {\"changed\": {\"name\": \"image\", \"object\": \"TESTING model method| product id - 10 | image id - 22\", \"fields\": [\"Title image\"]}}]"
    }
},
{
    "model": "admin.logentry",
    "pk": 132,
    "fields": {
        "action_time": "2023-03-22T14:10:43.418Z",
        "user": 1,
        "content_type": 8,
        "object_id": "10",
        "object_repr": "TESTING model method | product id - 10",
        "action_flag": 2,
        "change_message": "[{\"changed\": {\"name\": \"image\", \"object\": \"TESTING model method| product id - 10 | image id - 21\", \"fields\": [\"Title image\"]}}, {\"changed\": {\"name\": \"image\", \"object\": \"TESTING model method| product id - 10 | image id - 23\", \"fields\": [\"Title image\"]}}]"
    }
},
{
    "model": "admin.logentry",
    "pk": 133,
    "fields": {
        "action_time": "2023-03-22T14:10:50.872Z",
        "user": 1,
        "content_type": 8,
        "object_id": "10",
        "object_repr": "TESTING model method | product id - 10",
        "action_flag": 2,
        "change_message": "[{\"changed\": {\"name\": \"image\", \"object\": \"TESTING model method| product id - 10 | image id - 21\", \"fields\": [\"Title image\"]}}]"
    }
},
{
    "model": "admin.logentry",
    "pk": 134,
    "fields": {
        "action_time": "2023-03-22T14:11:01.360Z",
        "user": 1,
        "content_type": 8,
        "object_id": "10",
        "object_repr": "TESTING model method | product id - 10",
        "action_flag": 2,
        "change_message": "[{\"changed\": {\"name\": \"image\", \"object\": \"TESTING model method| product id - 10 | image id - 20\", \"fields\": [\"Title image\"]}}, {\"changed\": {\"name\": \"image\", \"object\": \"TESTING model method| product id - 10 | image id - 22\", \"fields\": [\"Title image\"]}}]"
    }
},
{
    "model": "admin.logentry",
    "pk": 135,
    "fields": {
        "action_time": "2023-03-22T14:11:12.968Z",
        "user": 1,
        "content_type": 8,
        "object_id": "10",
        "object_repr": "TESTING model method | product id - 10",
        "action_flag": 2,
        "change_message": "[{\"changed\": {\"name\": \"image\", \"object\": \"TESTING model method| product id - 10 | image id - 21\", \"fields\": [\"Title image\"]}}, {\"changed\": {\"name\": \"image\", \"object\": \"TESTING model method| product id - 10 | image id - 23\", \"fields\": [\"Title image\"]}}]"
    }
},
{
    "model": "admin.logentry",
    "pk": 136,
    "fields": {
        "action_time": "2023-03-22T14:11:27.094Z",
        "user": 1,
        "content_type": 8,
        "object_id": "10",
        "object_repr": "TESTING model method | product id - 10",
        "action_flag": 2,
        "change_message": "[{\"changed\": {\"name\": \"image\", \"object\": \"TESTING model method| product id - 10 | image id - 21\", \"fields\": [\"Title image\"]}}]"
    }
},
{
    "model": "admin.logentry",
    "pk": 137,
    "fields": {
        "action_time": "2023-03-22T14:12:28.241Z",
        "user": 1,
        "content_type": 8,
        "object_id": "10",
        "object_repr": "TESTING model method | product id - 10",
        "action_flag": 2,
        "change_message": "[{\"added\": {\"name\": \"image\", \"object\": \"TESTING model method| product id - 10 | image id - 26\"}}, {\"changed\": {\"name\": \"image\", \"object\": \"TESTING model method| product id - 10 | image id - 23\", \"fields\": [\"Title image\"]}}]"
    }
},
{
    "model": "admin.logentry",
    "pk": 138,
    "fields": {
        "action_time": "2023-03-22T14:12:38.238Z",
        "user": 1,
        "content_type": 8,
        "object_id": "10",
        "object_repr": "TESTING model method | product id - 10",
        "action_flag": 2,
        "change_message": "[{\"changed\": {\"name\": \"image\", \"object\": \"TESTING model method| product id - 10 | image id - 20\", \"fields\": [\"Title image\"]}}]"
    }
},
{
    "model": "admin.logentry",
    "pk": 139,
    "fields": {
        "action_time": "2023-03-22T14:32:27.172Z",
        "user": 1,
        "content_type": 8,
        "object_id": "10",
        "object_repr": "TESTING model method | product id - 10",
        "action_flag": 2,
        "change_message": "[{\"changed\": {\"name\": \"image\", \"object\": \"TESTING model method| product id - 10 | image id - 22\", \"fields\": [\"Title image\"]}}]"
    }
},
{
    "model": "admin.logentry",
    "pk": 140,
    "fields": {
        "action_time": "2023-03-22T14:33:20.590Z",
        "user": 1,
        "content_type": 8,
        "object_id": "10",
        "object_repr": "TESTING model method | product id - 10",
        "action_flag": 2,
        "change_message": "[{\"changed\": {\"name\": \"image\", \"object\": \"TESTING model method| product id - 10 | image id - 26\", \"fields\": [\"Title image\"]}}]"
    }
},
{
    "model": "admin.logentry",
    "pk": 141,
    "fields": {
        "action_time": "2023-03-22T14:34:54.130Z",
        "user": 1,
        "content_type": 8,
        "object_id": "10",
        "object_repr": "TESTING model method | product id - 10",
        "action_flag": 2,
        "change_message": "[{\"changed\": {\"name\": \"image\", \"object\": \"TESTING model method| product id - 10 | image id - 22\", \"fields\": [\"Title image\"]}}]"
    }
},
{
    "model": "admin.logentry",
    "pk": 142,
    "fields": {
        "action_time": "2023-03-22T14:35:47.839Z",
        "user": 1,
        "content_type": 8,
        "object_id": "10",
        "object_repr": "TESTING model method | product id - 10",
        "action_flag": 2,
        "change_message": "[{\"changed\": {\"name\": \"image\", \"object\": \"TESTING model method| product id - 10 | image id - 26\", \"fields\": [\"Title image\"]}}]"
    }
},
{
    "model": "admin.logentry",
    "pk": 143,
    "fields": {
        "action_time": "2023-03-22T14:37:33.730Z",
        "user": 1,
        "content_type": 8,
        "object_id": "10",
        "object_repr": "TESTING model method | product id - 10",
        "action_flag": 2,
        "change_message": "[{\"deleted\": {\"name\": \"image\", \"object\": \"TESTING model method| product id - 10 | image id - None\"}}]"
    }
},
{
    "model": "admin.logentry",
    "pk": 144,
    "fields": {
        "action_time": "2023-03-22T14:43:35.580Z",
        "user": 1,
        "content_type": 8,
        "object_id": "12",
        "object_repr": "11111111111111111111111111 | product id - 12",
        "action_flag": 1,
        "change_message": "[{\"added\": {}}, {\"added\": {\"name\": \"image\", \"object\": \"11111111111111111111111111| product id - 12 | image id - 27\"}}]"
    }
},
{
    "model": "admin.logentry",
    "pk": 145,
    "fields": {
        "action_time": "2023-03-22T14:43:49.427Z",
        "user": 1,
        "content_type": 8,
        "object_id": "12",
        "object_repr": "11111111111111111111111111 | product id - 12",
        "action_flag": 2,
        "change_message": "[{\"added\": {\"name\": \"image\", \"object\": \"11111111111111111111111111| product id - 12 | image id - 28\"}}]"
    }
},
{
    "model": "admin.logentry",
    "pk": 146,
    "fields": {
        "action_time": "2023-03-22T14:59:10.002Z",
        "user": 1,
        "content_type": 8,
        "object_id": "12",
        "object_repr": "11111111111111111111111111 | product id - 12",
        "action_flag": 2,
        "change_message": "[{\"added\": {\"name\": \"image\", \"object\": \"11111111111111111111111111| product id - 12 | image id - 29\"}}]"
    }
},
{
    "model": "admin.logentry",
    "pk": 147,
    "fields": {
        "action_time": "2023-03-22T15:19:03.315Z",
        "user": 1,
        "content_type": 8,
        "object_id": "12",
        "object_repr": "11111111111111111111111111 | product id - 12",
        "action_flag": 2,
        "change_message": "[{\"changed\": {\"name\": \"image\", \"object\": \"11111111111111111111111111| product id - 12 | image id - 29\", \"fields\": [\"Title image\"]}}]"
    }
},
{
    "model": "admin.logentry",
    "pk": 148,
    "fields": {
        "action_time": "2023-03-22T15:21:33.876Z",
        "user": 1,
        "content_type": 8,
        "object_id": "12",
        "object_repr": "11111111111111111111111111 | product id - 12",
        "action_flag": 2,
        "change_message": "[{\"changed\": {\"name\": \"image\", \"object\": \"11111111111111111111111111| product id - 12 | image id - 29\", \"fields\": [\"Title image\"]}}]"
    }
},
{
    "model": "admin.logentry",
    "pk": 149,
    "fields": {
        "action_time": "2023-03-22T15:22:27.330Z",
        "user": 1,
        "content_type": 8,
        "object_id": "12",
        "object_repr": "11111111111111111111111111 | product id - 12",
        "action_flag": 2,
        "change_message": "[{\"changed\": {\"name\": \"image\", \"object\": \"image id - 29\", \"fields\": [\"Title image\"]}}]"
    }
},
{
    "model": "admin.logentry",
    "pk": 150,
    "fields": {
        "action_time": "2023-03-22T15:23:37.849Z",
        "user": 1,
        "content_type": 8,
        "object_id": "12",
        "object_repr": "11111111111111111111111111 | product id - 12",
        "action_flag": 2,
        "change_message": "[{\"changed\": {\"name\": \"image\", \"object\": \"image id - 29\", \"fields\": [\"Title image\"]}}]"
    }
},
{
    "model": "admin.logentry",
    "pk": 151,
    "fields": {
        "action_time": "2023-03-22T15:24:00.808Z",
        "user": 1,
        "content_type": 8,
        "object_id": "12",
        "object_repr": "11111111111111111111111111 | product id - 12",
        "action_flag": 2,
        "change_message": "[{\"changed\": {\"name\": \"image\", \"object\": \"image id - 27\", \"fields\": [\"Title image\"]}}]"
    }
},
{
    "model": "admin.logentry",
    "pk": 152,
    "fields": {
        "action_time": "2023-03-22T16:49:27.078Z",
        "user": 1,
        "content_type": 8,
        "object_id": "12",
        "object_repr": "11111111111111111111111111 | product id - 12",
        "action_flag": 2,
        "change_message": "[{\"added\": {\"name\": \"image\", \"object\": \"image id - 30\"}}]"
    }
},
{
    "model": "admin.logentry",
    "pk": 153,
    "fields": {
        "action_time": "2023-03-22T16:49:48.917Z",
        "user": 1,
        "content_type": 8,
        "object_id": "12",
        "object_repr": "11111111111111111111111111 | product id - 12",
        "action_flag": 2,
        "change_message": "[{\"added\": {\"name\": \"image\", \"object\": \"image id - 31\"}}, {\"changed\": {\"name\": \"image\", \"object\": \"image id - 30\", \"fields\": [\"Title image\"]}}]"
    }
},
{
    "model": "admin.logentry",
    "pk": 154,
    "fields": {
        "action_time": "2023-03-22T16:50:21.085Z",
        "user": 1,
        "content_type": 8,
        "object_id": "12",
        "object_repr": "11111111111111111111111111 | product id - 12",
        "action_flag": 2,
        "change_message": "[{\"added\": {\"name\": \"image\", \"object\": \"image id - 32\"}}]"
    }
},
{
    "model": "admin.logentry",
    "pk": 155,
    "fields": {
        "action_time": "2023-03-22T17:10:09.880Z",
        "user": 1,
        "content_type": 8,
        "object_id": "12",
        "object_repr": "11111111111111111111111111 | product id - 12",
        "action_flag": 2,
        "change_message": "[{\"added\": {\"name\": \"image\", \"object\": \"image id - 33\"}}]"
    }
},
{
    "model": "admin.logentry",
    "pk": 156,
    "fields": {
        "action_time": "2023-03-22T17:10:20.069Z",
        "user": 1,
        "content_type": 8,
        "object_id": "12",
        "object_repr": "11111111111111111111111111 | product id - 12",
        "action_flag": 2,
        "change_message": "[{\"changed\": {\"name\": \"image\", \"object\": \"image id - 27\", \"fields\": [\"Title image\"]}}]"
    }
},
{
    "model": "admin.logentry",
    "pk": 157,
    "fields": {
        "action_time": "2023-03-22T17:10:41.336Z",
        "user": 1,
        "content_type": 8,
        "object_id": "12",
        "object_repr": "11111111111111111111111111 | product id - 12",
        "action_flag": 2,
        "change_message": "[{\"changed\": {\"name\": \"image\", \"object\": \"image id - 27\", \"fields\": [\"Title image\"]}}]"
    }
},
{
    "model": "admin.logentry",
    "pk": 158,
    "fields": {
        "action_time": "2023-03-22T17:10:46.970Z",
        "user": 1,
        "content_type": 8,
        "object_id": "12",
        "object_repr": "11111111111111111111111111 | product id - 12",
        "action_flag": 2,
        "change_message": "[{\"changed\": {\"name\": \"image\", \"object\": \"image id - 27\", \"fields\": [\"Title image\"]}}, {\"changed\": {\"name\": \"image\", \"object\": \"image id - 28\", \"fields\": [\"Title image\"]}}]"
    }
},
{
    "model": "admin.logentry",
    "pk": 159,
    "fields": {
        "action_time": "2023-03-22T17:10:55.289Z",
        "user": 1,
        "content_type": 8,
        "object_id": "12",
        "object_repr": "11111111111111111111111111 | product id - 12",
        "action_flag": 2,
        "change_message": "[{\"changed\": {\"name\": \"image\", \"object\": \"image id - 28\", \"fields\": [\"Title image\"]}}, {\"changed\": {\"name\": \"image\", \"object\": \"image id - 29\", \"fields\": [\"Title image\"]}}]"
    }
},
{
    "model": "admin.logentry",
    "pk": 160,
    "fields": {
        "action_time": "2023-03-22T17:11:03.016Z",
        "user": 1,
        "content_type": 8,
        "object_id": "12",
        "object_repr": "11111111111111111111111111 | product id - 12",
        "action_flag": 2,
        "change_message": "[{\"changed\": {\"name\": \"image\", \"object\": \"image id - 28\", \"fields\": [\"Title image\"]}}, {\"changed\": {\"name\": \"image\", \"object\": \"image id - 29\", \"fields\": [\"Title image\"]}}]"
    }
},
{
    "model": "admin.logentry",
    "pk": 161,
    "fields": {
        "action_time": "2023-03-22T17:11:14.281Z",
        "user": 1,
        "content_type": 8,
        "object_id": "12",
        "object_repr": "11111111111111111111111111 | product id - 12",
        "action_flag": 2,
        "change_message": "[{\"changed\": {\"name\": \"image\", \"object\": \"image id - 28\", \"fields\": [\"Title image\"]}}]"
    }
},
{
    "model": "admin.logentry",
    "pk": 162,
    "fields": {
        "action_time": "2023-03-22T17:11:23.136Z",
        "user": 1,
        "content_type": 8,
        "object_id": "12",
        "object_repr": "11111111111111111111111111 | product id - 12",
        "action_flag": 2,
        "change_message": "[{\"changed\": {\"name\": \"image\", \"object\": \"image id - 27\", \"fields\": [\"Title image\"]}}, {\"changed\": {\"name\": \"image\", \"object\": \"image id - 28\", \"fields\": [\"Title image\"]}}]"
    }
},
{
    "model": "admin.logentry",
    "pk": 163,
    "fields": {
        "action_time": "2023-03-22T17:11:28.906Z",
        "user": 1,
        "content_type": 8,
        "object_id": "12",
        "object_repr": "11111111111111111111111111 | product id - 12",
        "action_flag": 2,
        "change_message": "[{\"changed\": {\"name\": \"image\", \"object\": \"image id - 27\", \"fields\": [\"Title image\"]}}]"
    }
},
{
    "model": "admin.logentry",
    "pk": 164,
    "fields": {
        "action_time": "2023-03-22T17:11:36.186Z",
        "user": 1,
        "content_type": 8,
        "object_id": "12",
        "object_repr": "11111111111111111111111111 | product id - 12",
        "action_flag": 2,
        "change_message": "[{\"changed\": {\"name\": \"image\", \"object\": \"image id - 29\", \"fields\": [\"Title image\"]}}]"
    }
},
{
    "model": "admin.logentry",
    "pk": 165,
    "fields": {
        "action_time": "2023-03-22T17:12:01.937Z",
        "user": 1,
        "content_type": 8,
        "object_id": "12",
        "object_repr": "11111111111111111111111111 | product id - 12",
        "action_flag": 2,
        "change_message": "[{\"changed\": {\"name\": \"image\", \"object\": \"image id - 33\", \"fields\": [\"Title image\"]}}]"
    }
},
{
    "model": "admin.logentry",
    "pk": 166,
    "fields": {
        "action_time": "2023-03-22T17:12:25.167Z",
        "user": 1,
        "content_type": 8,
        "object_id": "12",
        "object_repr": "11111111111111111111111111 | product id - 12",
        "action_flag": 2,
        "change_message": "[{\"deleted\": {\"name\": \"image\", \"object\": \"image id - None\"}}, {\"deleted\": {\"name\": \"image\", \"object\": \"image id - None\"}}, {\"deleted\": {\"name\": \"image\", \"object\": \"image id - None\"}}, {\"deleted\": {\"name\": \"image\", \"object\": \"image id - None\"}}]"
    }
},
{
    "model": "admin.logentry",
    "pk": 167,
    "fields": {
        "action_time": "2023-03-22T17:16:02.610Z",
        "user": 1,
        "content_type": 8,
        "object_id": "12",
        "object_repr": "11111111111111111111111111 | product id - 12",
        "action_flag": 2,
        "change_message": "[{\"added\": {\"name\": \"image\", \"object\": \"image id - 34\"}}, {\"added\": {\"name\": \"image\", \"object\": \"image id - 35\"}}, {\"added\": {\"name\": \"image\", \"object\": \"image id - 36\"}}, {\"added\": {\"name\": \"image\", \"object\": \"image id - 37\"}}]"
    }
},
{
    "model": "admin.logentry",
    "pk": 168,
    "fields": {
        "action_time": "2023-03-22T17:17:28.398Z",
        "user": 1,
        "content_type": 8,
        "object_id": "12",
        "object_repr": "11111111111111111111111111 | product id - 12",
        "action_flag": 2,
        "change_message": "[{\"deleted\": {\"name\": \"image\", \"object\": \"image id - None\"}}, {\"deleted\": {\"name\": \"image\", \"object\": \"image id - None\"}}, {\"deleted\": {\"name\": \"image\", \"object\": \"image id - None\"}}, {\"deleted\": {\"name\": \"image\", \"object\": \"image id - None\"}}, {\"deleted\": {\"name\": \"image\", \"object\": \"image id - None\"}}]"
    }
},
{
    "model": "admin.logentry",
    "pk": 169,
    "fields": {
        "action_time": "2023-03-22T17:33:53.633Z",
        "user": 1,
        "content_type": 8,
        "object_id": "2",
        "object_repr": "Soap 2 | product id - 2",
        "action_flag": 2,
        "change_message": "[{\"added\": {\"name\": \"image\", \"object\": \"image id - 38\"}}]"
    }
},
{
    "model": "admin.logentry",
    "pk": 170,
    "fields": {
        "action_time": "2023-03-22T17:34:02.500Z",
        "user": 1,
        "content_type": 8,
        "object_id": "2",
        "object_repr": "Soap 2 | product id - 2",
        "action_flag": 2,
        "change_message": "[{\"changed\": {\"name\": \"image\", \"object\": \"image id - 8\", \"fields\": [\"Title image\"]}}]"
    }
},
{
    "model": "admin.logentry",
    "pk": 171,
    "fields": {
        "action_time": "2023-03-22T17:34:17.871Z",
        "user": 1,
        "content_type": 8,
        "object_id": "2",
        "object_repr": "Soap 2 | product id - 2",
        "action_flag": 2,
        "change_message": "[{\"changed\": {\"name\": \"image\", \"object\": \"image id - 38\", \"fields\": [\"Title image\"]}}]"
    }
},
{
    "model": "admin.logentry",
    "pk": 172,
    "fields": {
        "action_time": "2023-03-22T17:34:40.343Z",
        "user": 1,
        "content_type": 8,
        "object_id": "2",
        "object_repr": "Soap 2 | product id - 2",
        "action_flag": 2,
        "change_message": "[{\"deleted\": {\"name\": \"image\", \"object\": \"image id - None\"}}]"
    }
},
{
    "model": "admin.logentry",
    "pk": 173,
    "fields": {
        "action_time": "2023-04-04T14:09:03.899Z",
        "user": 1,
        "content_type": 4,
        "object_id": "2",
        "object_repr": "Talibian",
        "action_flag": 2,
        "change_message": "[{\"changed\": {\"fields\": [\"Staff status\", \"Superuser status\"]}}]"
    }
},
{
    "model": "admin.logentry",
    "pk": 174,
    "fields": {
        "action_time": "2023-04-05T09:59:56.092Z",
        "user": 1,
        "content_type": 4,
        "object_id": "3",
        "object_repr": "test_user_1",
        "action_flag": 1,
        "change_message": "[{\"added\": {}}, {\"added\": {\"name\": \"customers\", \"object\": \"Customers object (1)\"}}]"
    }
},
{
    "model": "admin.logentry",
    "pk": 175,
    "fields": {
        "action_time": "2023-04-08T21:15:59.555Z",
        "user": 1,
        "content_type": 4,
        "object_id": "5",
        "object_repr": "SJ",
        "action_flag": 1,
        "change_message": "[{\"added\": {}}, {\"added\": {\"name\": \"customer\", \"object\": \"Customer object (3)\"}}]"
    }
},
{
    "model": "admin.logentry",
    "pk": 176,
    "fields": {
        "action_time": "2023-04-08T21:17:42.140Z",
        "user": 1,
        "content_type": 4,
        "object_id": "5",
        "object_repr": "SJ",
        "action_flag": 2,
        "change_message": "[{\"changed\": {\"fields\": [\"First name\", \"Last name\", \"Email address\"]}}]"
    }
},
{
    "model": "admin.logentry",
    "pk": 177,
    "fields": {
        "action_time": "2023-04-10T12:42:12.408Z",
        "user": 1,
        "content_type": 4,
        "object_id": "5",
        "object_repr": "SJ",
        "action_flag": 3,
        "change_message": ""
    }
},
{
    "model": "admin.logentry",
    "pk": 178,
    "fields": {
        "action_time": "2023-04-13T19:52:33.239Z",
        "user": 1,
        "content_type": 8,
        "object_id": "13",
        "object_repr": "som product | product id - 13",
        "action_flag": 1,
        "change_message": "[{\"added\": {}}]"
    }
},
{
    "model": "admin.logentry",
    "pk": 179,
    "fields": {
        "action_time": "2023-04-13T19:53:30.992Z",
        "user": 1,
        "content_type": 8,
        "object_id": "14",
        "object_repr": "some product 2 | product id - 14",
        "action_flag": 1,
        "change_message": "[{\"added\": {}}]"
    }
},
{
    "model": "admin.logentry",
    "pk": 180,
    "fields": {
        "action_time": "2023-04-18T20:44:52.523Z",
        "user": 1,
        "content_type": 4,
        "object_id": "6",
        "object_repr": "SomeName",
        "action_flag": 3,
        "change_message": ""
    }
},
{
    "model": "admin.logentry",
    "pk": 181,
    "fields": {
        "action_time": "2023-04-21T11:52:53.218Z",
        "user": 1,
        "content_type": 13,
        "object_id": "1",
        "object_repr": "UserBucketProducts object (1)",
        "action_flag": 1,
        "change_message": "[{\"added\": {}}]"
    }
},
{
    "model": "auth.permission",
    "pk": 1,
    "fields": {
        "name": "Can add log entry",
        "content_type": 1,
        "codename": "add_logentry"
    }
},
{
    "model": "auth.permission",
    "pk": 2,
    "fields": {
        "name": "Can change log entry",
        "content_type": 1,
        "codename": "change_logentry"
    }
},
{
    "model": "auth.permission",
    "pk": 3,
    "fields": {
        "name": "Can delete log entry",
        "content_type": 1,
        "codename": "delete_logentry"
    }
},
{
    "model": "auth.permission",
    "pk": 4,
    "fields": {
        "name": "Can view log entry",
        "content_type": 1,
        "codename": "view_logentry"
    }
},
{
    "model": "auth.permission",
    "pk": 5,
    "fields": {
        "name": "Can add permission",
        "content_type": 2,
        "codename": "add_permission"
    }
},
{
    "model": "auth.permission",
    "pk": 6,
    "fields": {
        "name": "Can change permission",
        "content_type": 2,
        "codename": "change_permission"
    }
},
{
    "model": "auth.permission",
    "pk": 7,
    "fields": {
        "name": "Can delete permission",
        "content_type": 2,
        "codename": "delete_permission"
    }
},
{
    "model": "auth.permission",
    "pk": 8,
    "fields": {
        "name": "Can view permission",
        "content_type": 2,
        "codename": "view_permission"
    }
},
{
    "model": "auth.permission",
    "pk": 9,
    "fields": {
        "name": "Can add group",
        "content_type": 3,
        "codename": "add_group"
    }
},
{
    "model": "auth.permission",
    "pk": 10,
    "fields": {
        "name": "Can change group",
        "content_type": 3,
        "codename": "change_group"
    }
},
{
    "model": "auth.permission",
    "pk": 11,
    "fields": {
        "name": "Can delete group",
        "content_type": 3,
        "codename": "delete_group"
    }
},
{
    "model": "auth.permission",
    "pk": 12,
    "fields": {
        "name": "Can view group",
        "content_type": 3,
        "codename": "view_group"
    }
},
{
    "model": "auth.permission",
    "pk": 13,
    "fields": {
        "name": "Can add user",
        "content_type": 4,
        "codename": "add_user"
    }
},
{
    "model": "auth.permission",
    "pk": 14,
    "fields": {
        "name": "Can change user",
        "content_type": 4,
        "codename": "change_user"
    }
},
{
    "model": "auth.permission",
    "pk": 15,
    "fields": {
        "name": "Can delete user",
        "content_type": 4,
        "codename": "delete_user"
    }
},
{
    "model": "auth.permission",
    "pk": 16,
    "fields": {
        "name": "Can view user",
        "content_type": 4,
        "codename": "view_user"
    }
},
{
    "model": "auth.permission",
    "pk": 17,
    "fields": {
        "name": "Can add content type",
        "content_type": 5,
        "codename": "add_contenttype"
    }
},
{
    "model": "auth.permission",
    "pk": 18,
    "fields": {
        "name": "Can change content type",
        "content_type": 5,
        "codename": "change_contenttype"
    }
},
{
    "model": "auth.permission",
    "pk": 19,
    "fields": {
        "name": "Can delete content type",
        "content_type": 5,
        "codename": "delete_contenttype"
    }
},
{
    "model": "auth.permission",
    "pk": 20,
    "fields": {
        "name": "Can view content type",
        "content_type": 5,
        "codename": "view_contenttype"
    }
},
{
    "model": "auth.permission",
    "pk": 21,
    "fields": {
        "name": "Can add session",
        "content_type": 6,
        "codename": "add_session"
    }
},
{
    "model": "auth.permission",
    "pk": 22,
    "fields": {
        "name": "Can change session",
        "content_type": 6,
        "codename": "change_session"
    }
},
{
    "model": "auth.permission",
    "pk": 23,
    "fields": {
        "name": "Can delete session",
        "content_type": 6,
        "codename": "delete_session"
    }
},
{
    "model": "auth.permission",
    "pk": 24,
    "fields": {
        "name": "Can view session",
        "content_type": 6,
        "codename": "view_session"
    }
},
{
    "model": "auth.permission",
    "pk": 25,
    "fields": {
        "name": "Can add category",
        "content_type": 7,
        "codename": "add_category"
    }
},
{
    "model": "auth.permission",
    "pk": 26,
    "fields": {
        "name": "Can change category",
        "content_type": 7,
        "codename": "change_category"
    }
},
{
    "model": "auth.permission",
    "pk": 27,
    "fields": {
        "name": "Can delete category",
        "content_type": 7,
        "codename": "delete_category"
    }
},
{
    "model": "auth.permission",
    "pk": 28,
    "fields": {
        "name": "Can view category",
        "content_type": 7,
        "codename": "view_category"
    }
},
{
    "model": "auth.permission",
    "pk": 29,
    "fields": {
        "name": "Can add product",
        "content_type": 8,
        "codename": "add_product"
    }
},
{
    "model": "auth.permission",
    "pk": 30,
    "fields": {
        "name": "Can change product",
        "content_type": 8,
        "codename": "change_product"
    }
},
{
    "model": "auth.permission",
    "pk": 31,
    "fields": {
        "name": "Can delete product",
        "content_type": 8,
        "codename": "delete_product"
    }
},
{
    "model": "auth.permission",
    "pk": 32,
    "fields": {
        "name": "Can view product",
        "content_type": 8,
        "codename": "view_product"
    }
},
{
    "model": "auth.permission",
    "pk": 33,
    "fields": {
        "name": "Can add type",
        "content_type": 9,
        "codename": "add_type"
    }
},
{
    "model": "auth.permission",
    "pk": 34,
    "fields": {
        "name": "Can change type",
        "content_type": 9,
        "codename": "change_type"
    }
},
{
    "model": "auth.permission",
    "pk": 35,
    "fields": {
        "name": "Can delete type",
        "content_type": 9,
        "codename": "delete_type"
    }
},
{
    "model": "auth.permission",
    "pk": 36,
    "fields": {
        "name": "Can view type",
        "content_type": 9,
        "codename": "view_type"
    }
},
{
    "model": "auth.permission",
    "pk": 37,
    "fields": {
        "name": "Can add comments",
        "content_type": 10,
        "codename": "add_comments"
    }
},
{
    "model": "auth.permission",
    "pk": 38,
    "fields": {
        "name": "Can change comments",
        "content_type": 10,
        "codename": "change_comments"
    }
},
{
    "model": "auth.permission",
    "pk": 39,
    "fields": {
        "name": "Can delete comments",
        "content_type": 10,
        "codename": "delete_comments"
    }
},
{
    "model": "auth.permission",
    "pk": 40,
    "fields": {
        "name": "Can view comments",
        "content_type": 10,
        "codename": "view_comments"
    }
},
{
    "model": "auth.permission",
    "pk": 41,
    "fields": {
        "name": "Can add image",
        "content_type": 11,
        "codename": "add_image"
    }
},
{
    "model": "auth.permission",
    "pk": 42,
    "fields": {
        "name": "Can change image",
        "content_type": 11,
        "codename": "change_image"
    }
},
{
    "model": "auth.permission",
    "pk": 43,
    "fields": {
        "name": "Can delete image",
        "content_type": 11,
        "codename": "delete_image"
    }
},
{
    "model": "auth.permission",
    "pk": 44,
    "fields": {
        "name": "Can view image",
        "content_type": 11,
        "codename": "view_image"
    }
},
{
    "model": "auth.permission",
    "pk": 45,
    "fields": {
        "name": "Can add customers",
        "content_type": 12,
        "codename": "add_customers"
    }
},
{
    "model": "auth.permission",
    "pk": 46,
    "fields": {
        "name": "Can change customers",
        "content_type": 12,
        "codename": "change_customers"
    }
},
{
    "model": "auth.permission",
    "pk": 47,
    "fields": {
        "name": "Can delete customers",
        "content_type": 12,
        "codename": "delete_customers"
    }
},
{
    "model": "auth.permission",
    "pk": 48,
    "fields": {
        "name": "Can view customers",
        "content_type": 12,
        "codename": "view_customers"
    }
},
{
    "model": "auth.permission",
    "pk": 49,
    "fields": {
        "name": "Can add customer",
        "content_type": 12,
        "codename": "add_customer"
    }
},
{
    "model": "auth.permission",
    "pk": 50,
    "fields": {
        "name": "Can change customer",
        "content_type": 12,
        "codename": "change_customer"
    }
},
{
    "model": "auth.permission",
    "pk": 51,
    "fields": {
        "name": "Can delete customer",
        "content_type": 12,
        "codename": "delete_customer"
    }
},
{
    "model": "auth.permission",
    "pk": 52,
    "fields": {
        "name": "Can view customer",
        "content_type": 12,
        "codename": "view_customer"
    }
},
{
    "model": "auth.permission",
    "pk": 53,
    "fields": {
        "name": "Can add user bucket products",
        "content_type": 13,
        "codename": "add_userbucketproducts"
    }
},
{
    "model": "auth.permission",
    "pk": 54,
    "fields": {
        "name": "Can change user bucket products",
        "content_type": 13,
        "codename": "change_userbucketproducts"
    }
},
{
    "model": "auth.permission",
    "pk": 55,
    "fields": {
        "name": "Can delete user bucket products",
        "content_type": 13,
        "codename": "delete_userbucketproducts"
    }
},
{
    "model": "auth.permission",
    "pk": 56,
    "fields": {
        "name": "Can view user bucket products",
        "content_type": 13,
        "codename": "view_userbucketproducts"
    }
},
{
    "model": "auth.user",
    "pk": 1,
    "fields": {
        "password": "pbkdf2_sha256$260000$DDJn33MzClKKGu8H0fcMm8$0UfkFRJmGjlceNWMtuUg3dmnZnUNTXhaPk7iuU/oPi8=",
        "last_login": "2023-04-26T10:36:59.430Z",
        "is_superuser": true,
        "username": "admin",
        "first_name": "",
        "last_name": "",
        "email": "",
        "is_staff": true,
        "is_active": true,
        "date_joined": "2023-02-04T23:35:54.387Z",
        "groups": [],
        "user_permissions": []
    }
},
{
    "model": "auth.user",
    "pk": 2,
    "fields": {
        "password": "pbkdf2_sha256$260000$L8CyhLy32kzoMUZ4EGmURD$IhRWFr3mBjvFBMaeSl+JeyOGjlQttXcWtS1NV4RQza0=",
        "last_login": "2023-03-08T12:25:13Z",
        "is_superuser": false,
        "username": "Talibian",
        "first_name": "",
        "last_name": "",
        "email": "Talibian90@gmail.com",
        "is_staff": false,
        "is_active": true,
        "date_joined": "2023-03-08T12:24:58Z",
        "groups": [],
        "user_permissions": []
    }
},
{
    "model": "auth.user",
    "pk": 3,
    "fields": {
        "password": "pbkdf2_sha256$260000$p5Uofb4XGl4wQyHVlnzLBQ$Iv0cYXkcravH4C/0z94xVrxdIVcq8KDGIBKd2+z0DMc=",
        "last_login": null,
        "is_superuser": false,
        "username": "test_user_1",
        "first_name": "",
        "last_name": "",
        "email": "",
        "is_staff": false,
        "is_active": true,
        "date_joined": "2023-04-05T09:59:55.736Z",
        "groups": [],
        "user_permissions": []
    }
},
{
    "model": "auth.user",
    "pk": 4,
    "fields": {
        "password": "pbkdf2_sha256$260000$BAwZO2MtlWHlrif1yRAYjl$NsjAMQP5ktYU2rqvdDBYzeboJUmOohJOgmrVFPme8os=",
        "last_login": "2023-04-26T14:34:34.363Z",
        "is_superuser": false,
        "username": "JS",
        "first_name": "John",
        "last_name": "Smith",
        "email": "talibian90@gmail.com",
        "is_staff": false,
        "is_active": true,
        "date_joined": "2023-04-06T12:04:52.145Z",
        "groups": [],
        "user_permissions": []
    }
},
{
    "model": "auth.user",
    "pk": 7,
    "fields": {
        "password": "pbkdf2_sha256$260000$N4taCi3j3EZWQNcTI8zWD3$RgFlVqNa+2xMLUWqIP0m4IRCLj5GkTonOlwQtvZYcd8=",
        "last_login": "2023-04-18T20:48:01.664Z",
        "is_superuser": false,
        "username": "Username",
        "first_name": "User",
        "last_name": "Name",
        "email": "email@example.com",
        "is_staff": false,
        "is_active": true,
        "date_joined": "2023-04-18T20:46:40.229Z",
        "groups": [],
        "user_permissions": []
    }
},
{
    "model": "auth.user",
    "pk": 8,
    "fields": {
        "password": "pbkdf2_sha256$260000$6729dg75nz6qGdxZ6bhzo1$C2tSG/fLthm0JDXnbnbkBlERiDbde53dhQQjpy4JZ6I=",
        "last_login": null,
        "is_superuser": false,
        "username": "Username1",
        "first_name": "first",
        "last_name": "last",
        "email": "myemail@example.com",
        "is_staff": false,
        "is_active": true,
        "date_joined": "2023-04-19T10:06:48.425Z",
        "groups": [],
        "user_permissions": []
    }
},
{
    "model": "auth.user",
    "pk": 9,
    "fields": {
        "password": "pbkdf2_sha256$260000$VqhgNIMFrXseWtq5D1dTNZ$lGSvLIwi67jJq45gG3xd5Ui64IdF025NZO4jKGmqmtk=",
        "last_login": null,
        "is_superuser": false,
        "username": "Username2",
        "first_name": "first1",
        "last_name": "last1",
        "email": "1myemail@example.com",
        "is_staff": false,
        "is_active": true,
        "date_joined": "2023-04-19T10:11:08.680Z",
        "groups": [],
        "user_permissions": []
    }
},
{
    "model": "auth.user",
    "pk": 10,
    "fields": {
        "password": "pbkdf2_sha256$260000$kBdeKba3YOoaYidxx4JTYY$ygIwDOqFepwIU0zuHQmeS0Mgd6BENtimF2lLtUDcf40=",
        "last_login": null,
        "is_superuser": false,
        "username": "Username3",
        "first_name": "first1",
        "last_name": "last1",
        "email": "1myemail@example.com",
        "is_staff": false,
        "is_active": true,
        "date_joined": "2023-04-19T10:12:08.451Z",
        "groups": [],
        "user_permissions": []
    }
},
{
    "model": "auth.user",
    "pk": 11,
    "fields": {
        "password": "pbkdf2_sha256$260000$ZopAENnaNwdfLdz1sEmDKk$oxuPFt5hDhZuNRka+GSUNRpRNXJQ7HoMyXmKwzZd4WA=",
        "last_login": "2023-04-19T13:14:29.587Z",
        "is_superuser": false,
        "username": "Username4",
        "first_name": "first1",
        "last_name": "last",
        "email": "5myemail@example.com",
        "is_staff": false,
        "is_active": true,
        "date_joined": "2023-04-19T10:21:22.797Z",
        "groups": [],
        "user_permissions": []
    }
},
{
    "model": "auth.user",
    "pk": 12,
    "fields": {
        "password": "pbkdf2_sha256$260000$SlrRiAb5QJVTGhbUE0Vta9$zvNW0MhI9joej1psArhQCyKRZb1HU4IldyHdtF9/C7Y=",
        "last_login": null,
        "is_superuser": false,
        "username": "Username6",
        "first_name": "first1",
        "last_name": "last",
        "email": "6myemail@example.com",
        "is_staff": false,
        "is_active": true,
        "date_joined": "2023-04-19T11:23:40.921Z",
        "groups": [],
        "user_permissions": []
    }
},
{
    "model": "auth.user",
    "pk": 13,
    "fields": {
        "password": "pbkdf2_sha256$260000$6xjz0Kk5zfCdMKqRwE6UAB$T2twBuYkQ7RCmrAtjmTl7UTTI6RQJoko8g1qFRdFCgM=",
        "last_login": null,
        "is_superuser": false,
        "username": "Username7",
        "first_name": "name",
        "last_name": "surname",
        "email": "7myemail@example.com",
        "is_staff": false,
        "is_active": true,
        "date_joined": "2023-04-19T13:20:42.223Z",
        "groups": [],
        "user_permissions": []
    }
},
{
    "model": "auth.user",
    "pk": 14,
    "fields": {
        "password": "pbkdf2_sha256$260000$NWlrzXeu1QzUJCwNU2ZBq0$ugUH23pbpAFIRHw1nAjGGvh6yXB1tUQyM/KYvUF/mo8=",
        "last_login": "2023-04-26T09:23:51.582Z",
        "is_superuser": false,
        "username": "pibody",
        "first_name": "",
        "last_name": "",
        "email": "pibody@example.com",
        "is_staff": false,
        "is_active": true,
        "date_joined": "2023-04-19T14:47:47.465Z",
        "groups": [],
        "user_permissions": []
    }
},
{
    "model": "auth.user",
    "pk": 15,
    "fields": {
        "password": "pbkdf2_sha256$260000$ZP1SmdYE5L4uN91rfUFu2g$k0dYuRY4B3AqZneXlJCbs2kv83WFDY7QuWT33uWl8V4=",
        "last_login": null,
        "is_superuser": false,
        "username": "1pibody",
        "first_name": "",
        "last_name": "",
        "email": "pibody@example.com",
        "is_staff": false,
        "is_active": true,
        "date_joined": "2023-04-20T09:56:36.280Z",
        "groups": [],
        "user_permissions": []
    }
},
{
    "model": "auth.user",
    "pk": 16,
    "fields": {
        "password": "pbkdf2_sha256$260000$H7D7jHZC2GOfcPrr93zl2m$vCR4a24iDrzVpplx7slyFIkmWRMPhTQKlB2loXVpalY=",
        "last_login": null,
        "is_superuser": false,
        "username": "111pibody",
        "first_name": "",
        "last_name": "",
        "email": "pibody@example.com",
        "is_staff": false,
        "is_active": true,
        "date_joined": "2023-04-20T09:59:06.561Z",
        "groups": [],
        "user_permissions": []
    }
},
{
    "model": "auth.user",
    "pk": 17,
    "fields": {
        "password": "pbkdf2_sha256$260000$STv50ymBhgBpq3Pz9Oe3LP$b/eWvyycU0ndZRiPRERbu3nfn+AqGaFb33BBAM/+JhM=",
        "last_login": null,
        "is_superuser": false,
        "username": "pibody999",
        "first_name": "",
        "last_name": "",
        "email": "pibody999@example.com",
        "is_staff": false,
        "is_active": true,
        "date_joined": "2023-04-20T10:47:12.562Z",
        "groups": [],
        "user_permissions": []
    }
},
{
    "model": "contenttypes.contenttype",
    "pk": 1,
    "fields": {
        "app_label": "admin",
        "model": "logentry"
    }
},
{
    "model": "contenttypes.contenttype",
    "pk": 2,
    "fields": {
        "app_label": "auth",
        "model": "permission"
    }
},
{
    "model": "contenttypes.contenttype",
    "pk": 3,
    "fields": {
        "app_label": "auth",
        "model": "group"
    }
},
{
    "model": "contenttypes.contenttype",
    "pk": 4,
    "fields": {
        "app_label": "auth",
        "model": "user"
    }
},
{
    "model": "contenttypes.contenttype",
    "pk": 5,
    "fields": {
        "app_label": "contenttypes",
        "model": "contenttype"
    }
},
{
    "model": "contenttypes.contenttype",
    "pk": 6,
    "fields": {
        "app_label": "sessions",
        "model": "session"
    }
},
{
    "model": "contenttypes.contenttype",
    "pk": 7,
    "fields": {
        "app_label": "products",
        "model": "category"
    }
},
{
    "model": "contenttypes.contenttype",
    "pk": 8,
    "fields": {
        "app_label": "products",
        "model": "product"
    }
},
{
    "model": "contenttypes.contenttype",
    "pk": 9,
    "fields": {
        "app_label": "products",
        "model": "type"
    }
},
{
    "model": "contenttypes.contenttype",
    "pk": 10,
    "fields": {
        "app_label": "products",
        "model": "comments"
    }
},
{
    "model": "contenttypes.contenttype",
    "pk": 11,
    "fields": {
        "app_label": "products",
        "model": "image"
    }
},
{
    "model": "contenttypes.contenttype",
    "pk": 12,
    "fields": {
        "app_label": "products",
        "model": "customer"
    }
},
{
    "model": "contenttypes.contenttype",
    "pk": 13,
    "fields": {
        "app_label": "products",
        "model": "userbucketproducts"
    }
},
{
    "model": "sessions.session",
    "pk": "5chin3p1fmv0aelmthl7t0lgr78l11f8",
    "fields": {
        "session_data": ".eJxVjDsOwjAQBe_iGlmx4y8lPWeI1rtrHEC2FCcV4u4QKQW0b2beS0ywrWXaOi_TTOIslDj9bgnwwXUHdId6axJbXZc5yV2RB-3y2oifl8P9OyjQy7e2Y3YmaIOGLWubFDs_eGRENIkhOJVoRK8HHwltpuxChDRoB5lsjFa8P--AOHI:1pjMoZ:lS2Oydd8n82Bfi8QXvIor0_zpzy9WKNGULMqsrUUDeQ",
        "expire_date": "2023-04-17T16:13:51.881Z"
    }
},
{
    "model": "sessions.session",
    "pk": "62fyxfjn1qhltsw4iqnmbwyvgd66i51s",
    "fields": {
        "session_data": ".eJxVjEEOwiAQRe_C2hAolEGX7nsGMsNMpWpoUtqV8e7apAvd_vfef6mE21rS1mRJE6uL8ur0uxHmh9Qd8B3rbdZ5rusykd4VfdCmh5nleT3cv4OCrXxrcOIdBEsuEJveogEM4AHwLGyNN9RnN45CHUmM2GH2wJHBQAjs2Kv3B9Q6N88:1prgE6:avXZKtju_PjESinBCXEAzYezjUgxFzLBWcaEgPAJyzY",
        "expire_date": "2023-05-10T14:34:34.439Z"
    }
},
{
    "model": "sessions.session",
    "pk": "8sreel8n3pe0pv4vzbrdo3c6ad7vddm0",
    "fields": {
        "session_data": ".eJxVjDsOwjAQBe_iGlmx4y8lPWeI1rtrHEC2FCcV4u4QKQW0b2beS0ywrWXaOi_TTOIslDj9bgnwwXUHdId6axJbXZc5yV2RB-3y2oifl8P9OyjQy7e2Y3YmaIOGLWubFDs_eGRENIkhOJVoRK8HHwltpuxChDRoB5lsjFa8P--AOHI:1peycs:AGE13QZikzi6LzQ2_lXAnQeRn-NlwC7NW806It4YdEQ",
        "expire_date": "2023-04-05T13:35:38.954Z"
    }
},
{
    "model": "sessions.session",
    "pk": "fsx87ewv4rgbujz892ckp40h7ols1ljy",
    "fields": {
        "session_data": ".eJxVjDsOwjAQBe_iGlmx4y8lPWeI1rtrHEC2FCcV4u4QKQW0b2beS0ywrWXaOi_TTOIslDj9bgnwwXUHdId6axJbXZc5yV2RB-3y2oifl8P9OyjQy7e2Y3YmaIOGLWubFDs_eGRENIkhOJVoRK8HHwltpuxChDRoB5lsjFa8P--AOHI:1pk3iU:VJmS_N6KilJZr0iUM1be2FdaGsF2NsG7Ct60gNxpuHc",
        "expire_date": "2023-04-19T14:02:26.138Z"
    }
},
{
    "model": "sessions.session",
    "pk": "ivawlxc6yhzb71fx6nfuyezwewrohj41",
    "fields": {
        "session_data": ".eJxVjDsOwjAQBe_iGlmx4y8lPWeI1rtrHEC2FCcV4u4QKQW0b2beS0ywrWXaOi_TTOIslDj9bgnwwXUHdId6axJbXZc5yV2RB-3y2oifl8P9OyjQy7e2Y3YmaIOGLWubFDs_eGRENIkhOJVoRK8HHwltpuxChDRoB5lsjFa8P--AOHI:1pk4Tp:P7pxQvWT_yrzGGzKSokLcoi8VphNlclAqN2YbPC6ozc",
        "expire_date": "2023-04-19T14:51:21.907Z"
    }
},
{
    "model": "sessions.session",
    "pk": "obf5ao4f6nfoo943hjy3axmbap7g4rfp",
    "fields": {
        "session_data": ".eJxVjDsOwjAQBe_iGlmx4y8lPWeI1rtrHEC2FCcV4u4QKQW0b2beS0ywrWXaOi_TTOIslDj9bgnwwXUHdId6axJbXZc5yV2RB-3y2oifl8P9OyjQy7e2Y3YmaIOGLWubFDs_eGRENIkhOJVoRK8HHwltpuxChDRoB5lsjFa8P--AOHI:1pOS4v:3vzH7E1TzhCXIVyaCAUs6gsDUdMSHAa8Iaq8kkteQS4",
        "expire_date": "2023-02-18T23:36:17.755Z"
    }
},
{
    "model": "sessions.session",
    "pk": "pal4imjgn18hjh3t6evjil56a9wyg8te",
    "fields": {
        "session_data": ".eJxVjDsOwjAQBe_iGlmx4y8lPWeI1rtrHEC2FCcV4u4QKQW0b2beS0ywrWXaOi_TTOIslDj9bgnwwXUHdId6axJbXZc5yV2RB-3y2oifl8P9OyjQy7e2Y3YmaIOGLWubFDs_eGRENIkhOJVoRK8HHwltpuxChDRoB5lsjFa8P--AOHI:1pgXnT:lCmfZBneBimJzC7zBMwGca7OCUJDfktqilVNR90GurY",
        "expire_date": "2023-04-09T21:21:03.958Z"
    }
},
{
    "model": "sessions.session",
    "pk": "vxxk32l6an5vui3twma7z44srusfbrm3",
    "fields": {
        "session_data": ".eJxVjMsOwiAQRf-FtSEtjzK4dO83kIEZpGogKe3K-O_apAvd3nPOfYmA21rC1nkJM4mzUOL0u0VMD647oDvWW5Op1XWZo9wVedAur434eTncv4OCvXzrDNZTnCJ7jDlrSsYlGAZG1mxH8N67cTIMFoGsT4xgEAAwGUNaKSfeHwrQOFw:1pZsr4:aH9d8i_te1XE3jc7jLbaT_PLILdjdEpciNjdwSx-2tU",
        "expire_date": "2023-03-22T12:25:14.051Z"
    }
},
{
    "model": "products.category",
    "pk": 2,
    "fields": {
        "name": "Personal hygiene"
    }
},
{
    "model": "products.category",
    "pk": 3,
    "fields": {
        "name": "For home"
    }
},
{
    "model": "products.type",
    "pk": 3,
    "fields": {
        "name": "For heands",
        "category": 2
    }
},
{
    "model": "products.type",
    "pk": 4,
    "fields": {
        "name": "Floar",
        "category": 3
    }
},
{
    "model": "products.type",
    "pk": 5,
    "fields": {
        "name": "Soap",
        "category": 2
    }
},
{
    "model": "products.type",
    "pk": 6,
    "fields": {
        "name": "Hair care",
        "category": 2
    }
},
{
    "model": "products.product",
    "pk": 1,
    "fields": {
        "title": "Soap 1",
        "description": "Soap 1 DESCRIPTION Soap 1 DESCRIPTION Soap 1 DESCRIPTION Soap 1 DESCRIPTION Soap 1 DESCRIPTION Soap 1 DESCRIPTION Soap 1 DESCRIPTION Soap 1 DESCRIPTION Soap 1 DESCRIPTION Soap 1 DESCRIPTION Soap 1 DESCRIPTION Soap 1 DESCRIPTION Soap 1 DESCRIPTION Soap 1 DESCRIPTION Soap 1 DESCRIPTION Soap 1 DESCRIPTION",
        "price": 100.0,
        "is_sale": false,
        "discount": null,
        "available_quantity": 1000,
        "type": 3
    }
},
{
    "model": "products.product",
    "pk": 2,
    "fields": {
        "title": "Soap 2",
        "description": "Soap 2 DESCRIPTION Soap 2 DESCRIPTION Soap 2 DESCRIPTION Soap 2 DESCRIPTION Soap 2 DESCRIPTION Soap 2 DESCRIPTION Soap 2 DESCRIPTION Soap 2 DESCRIPTION Soap 2 DESCRIPTION Soap 2 DESCRIPTION Soap 2 DESCRIPTION Soap 2 DESCRIPTION Soap 2 DESCRIPTION Soap 2 DESCRIPTION Soap 2 DESCRIPTION Soap 2 DESCRIPTION Soap 2 DESCRIPTION Soap 2 DESCRIPTION Soap 2 DESCRIPTION Soap 2 DESCRIPTION",
        "price": 110.0,
        "is_sale": false,
        "discount": null,
        "available_quantity": 15,
        "type": 3
    }
},
{
    "model": "products.product",
    "pk": 3,
    "fields": {
        "title": "Soap 3",
        "description": "Soap 3 DESCRIPTION  Soap 3 DESCRIPTION  Soap 3 DESCRIPTION  Soap 3 DESCRIPTION  Soap 3 DESCRIPTION  Soap 3 DESCRIPTION  Soap 3 DESCRIPTION  Soap 3 DESCRIPTION  Soap 3 DESCRIPTION  Soap 3 DESCRIPTION  Soap 3 DESCRIPTION  Soap 3 DESCRIPTION  Soap 3 DESCRIPTION  Soap 3 DESCRIPTION  Soap 3 DESCRIPTION  Soap 3 DESCRIPTION  Soap 3 DESCRIPTION  Soap 3 DESCRIPTION  Soap 3 DESCRIPTION  Soap 3 DESCRIPTION  Soap 3 DESCRIPTION",
        "price": 1000.0,
        "is_sale": true,
        "discount": 80,
        "available_quantity": 50,
        "type": 3
    }
},
{
    "model": "products.product",
    "pk": 4,
    "fields": {
        "title": "Soap 4",
        "description": "Soap 4 DESCRIPTION  Soap 4 DESCRIPTION  Soap 4 DESCRIPTION  Soap 4 DESCRIPTION  Soap 4 DESCRIPTION  Soap 4 DESCRIPTION  Soap 4 DESCRIPTION  Soap 4 DESCRIPTION  Soap 4 DESCRIPTION  Soap 4 DESCRIPTION  Soap 4 DESCRIPTION  Soap 4 DESCRIPTION  Soap 4 DESCRIPTION  Soap 4 DESCRIPTION  Soap 4 DESCRIPTION  Soap 4 DESCRIPTION  Soap 4 DESCRIPTION  Soap 4 DESCRIPTION  Soap 4 DESCRIPTION  Soap 4 DESCRIPTION  Soap 4 DESCRIPTION  Soap 4 DESCRIPTION  Soap 4 DESCRIPTION  Soap 4 DESCRIPTION  Soap 4 DESCRIPTION  Soap 4 DESCRIPTION  Soap 4 DESCRIPTION  Soap 4 DESCRIPTION  Soap 4 DESCRIPTION  Soap 4 DESCRIPTION",
        "price": 15.0,
        "is_sale": false,
        "discount": null,
        "available_quantity": 7,
        "type": 3
    }
},
{
    "model": "products.product",
    "pk": 5,
    "fields": {
        "title": "Soap 5",
        "description": "Soap 5 DESCRIPTION  Soap 5 DESCRIPTION  Soap 5 DESCRIPTION  Soap 5 DESCRIPTION  Soap 5 DESCRIPTION  Soap 5 DESCRIPTION  Soap 5 DESCRIPTION  Soap 5 DESCRIPTION  Soap 5 DESCRIPTION  Soap 5 DESCRIPTION  Soap 5 DESCRIPTION  Soap 5 DESCRIPTION",
        "price": 800.0,
        "is_sale": true,
        "discount": 20,
        "available_quantity": 0,
        "type": 3
    }
},
{
    "model": "products.product",
    "pk": 6,
    "fields": {
        "title": "Floor cleaner 1",
        "description": "Floor cleaner 1 DESCRIPTION Floor cleaner 1 DESCRIPTION Floor cleaner 1 DESCRIPTION Floor cleaner 1 DESCRIPTION Floor cleaner 1 DESCRIPTION Floor cleaner 1 DESCRIPTION Floor cleaner 1 DESCRIPTION Floor cleaner 1 DESCRIPTION Floor cleaner 1 DESCRIPTION Floor cleaner 1 DESCRIPTION Floor cleaner 1 DESCRIPTION Floor cleaner 1 DESCRIPTION Floor cleaner 1 DESCRIPTION Floor cleaner 1 DESCRIPTION Floor cleaner 1 DESCRIPTION Floor cleaner 1 DESCRIPTION Floor cleaner 1 DESCRIPTION Floor cleaner 1 DESCRIPTION Floor cleaner 1 DESCRIPTION Floor cleaner 1 DESCRIPTION Floor cleaner 1 DESCRIPTION",
        "price": 80.0,
        "is_sale": true,
        "discount": 10,
        "available_quantity": 90,
        "type": 4
    }
},
{
    "model": "products.product",
    "pk": 7,
    "fields": {
        "title": "Floor cleaner 2",
        "description": "Floor cleaner 2 DESCRIPTION Floor cleaner 2 DESCRIPTION Floor cleaner 2 DESCRIPTION Floor cleaner 2 DESCRIPTION Floor cleaner 2 DESCRIPTION Floor cleaner 2 DESCRIPTION Floor cleaner 2 DESCRIPTION Floor cleaner 2 DESCRIPTION Floor cleaner 2 DESCRIPTION Floor cleaner 2 DESCRIPTION Floor cleaner 2 DESCRIPTION Floor cleaner 2 DESCRIPTION Floor cleaner 2 DESCRIPTION Floor cleaner 2 DESCRIPTION Floor cleaner 2 DESCRIPTION Floor cleaner 2 DESCRIPTION Floor cleaner 2 DESCRIPTION Floor cleaner 2 DESCRIPTION Floor cleaner 2 DESCRIPTION Floor cleaner 2 DESCRIPTION Floor cleaner 2 DESCRIPTION Floor cleaner 2 DESCRIPTION Floor cleaner 2 DESCRIPTION Floor cleaner 2 DESCRIPTION Floor cleaner 2 DESCRIPTION Floor cleaner 2 DESCRIPTION Floor cleaner 2 DESCRIPTION Floor cleaner 2 DESCRIPTION",
        "price": 40.0,
        "is_sale": false,
        "discount": null,
        "available_quantity": 17,
        "type": 4
    }
},
{
    "model": "products.product",
    "pk": 8,
    "fields": {
        "title": "Shampoo 1",
        "description": "text text text text text text text text text text text text text text text text text text text text text text text text text text text text text text text text text text text text text text text text text text text text text text text text text text text text text text text text text text text text text text text text text text text text text text text text text text text text text text text text text text text text text text text text text text text text text text text text text text text text text text text text text text text text text text text text text text text text text text text text text text text text text text text text text text text text text text text text text text text text text text text text text text text text text text text text text text text text text text text text text text text text text text text text text text text text text text text text text text text text text text text text text text text text text text text text text text text text text text text text",
        "price": 100.0,
        "is_sale": false,
        "discount": null,
        "available_quantity": 100,
        "type": 6
    }
},
{
    "model": "products.product",
    "pk": 9,
    "fields": {
        "title": "ШАМПУНЬ",
        "description": "ХОРОШИЙ ШАМПУНЬ ХОРОШИЙ ШАМПУНЬ ХОРОШИЙ ШАМПУНЬ ХОРОШИЙ ШАМПУНЬ ХОРОШИЙ ШАМПУНЬ ХОРОШИЙ ШАМПУНЬ ХОРОШИЙ ШАМПУНЬ ХОРОШИЙ ШАМПУНЬ ХОРОШИЙ ШАМПУНЬ ХОРОШИЙ ШАМПУНЬ ХОРОШИЙ ШАМПУНЬ ХОРОШИЙ ШАМПУНЬ ХОРОШИЙ ШАМПУНЬ ХОРОШИЙ ШАМПУНЬ ХОРОШИЙ ШАМПУНЬ ХОРОШИЙ ШАМПУНЬ ХОРОШИЙ ШАМПУНЬ ХОРОШИЙ ШАМПУНЬ ХОРОШИЙ ШАМПУНЬ ХОРОШИЙ ШАМПУНЬ ХОРОШИЙ ШАМПУНЬ ХОРОШИЙ ШАМПУНЬ ХОРОШИЙ ШАМПУНЬ ХОРОШИЙ ШАМПУНЬ",
        "price": 200.0,
        "is_sale": true,
        "discount": 10,
        "available_quantity": 1000,
        "type": 6
    }
},
{
    "model": "products.product",
    "pk": 10,
    "fields": {
        "title": "TESTING model method",
        "description": "blablabla",
        "price": 1.0,
        "is_sale": false,
        "discount": null,
        "available_quantity": 1,
        "type": 5
    }
},
{
    "model": "products.product",
    "pk": 12,
    "fields": {
        "title": "11111111111111111111111111",
        "description": "11111111111111111111",
        "price": 111.0,
        "is_sale": false,
        "discount": null,
        "available_quantity": 11,
        "type": 3
    }
},
{
    "model": "products.product",
    "pk": 13,
    "fields": {
        "title": "som product",
        "description": "100",
        "price": 100.0,
        "is_sale": false,
        "discount": null,
        "available_quantity": 0,
        "type": 4
    }
},
{
    "model": "products.product",
    "pk": 14,
    "fields": {
        "title": "some product 2",
        "description": "200",
        "price": 200.0,
        "is_sale": false,
        "discount": null,
        "available_quantity": 0,
        "type": 6
    }
},
{
    "model": "products.image",
    "pk": 7,
    "fields": {
        "image": "upload/64.jpg",
        "title_image": true,
        "product": 1
    }
},
{
    "model": "products.image",
    "pk": 8,
    "fields": {
        "image": "upload/65.jpg",
        "title_image": true,
        "product": 2
    }
},
{
    "model": "products.image",
    "pk": 9,
    "fields": {
        "image": "upload/66.jpg",
        "title_image": true,
        "product": 3
    }
},
{
    "model": "products.image",
    "pk": 10,
    "fields": {
        "image": "upload/67.jpg",
        "title_image": true,
        "product": 4
    }
},
{
    "model": "products.image",
    "pk": 11,
    "fields": {
        "image": "upload/68.jpg",
        "title_image": true,
        "product": 5
    }
},
{
    "model": "products.image",
    "pk": 12,
    "fields": {
        "image": "upload/15.jpg",
        "title_image": true,
        "product": 8
    }
},
{
    "model": "products.image",
    "pk": 13,
    "fields": {
        "image": "upload/11.jpg",
        "title_image": true,
        "product": 6
    }
},
{
    "model": "products.image",
    "pk": 14,
    "fields": {
        "image": "upload/11_UaKalZI.jpg",
        "title_image": true,
        "product": 7
    }
},
{
    "model": "products.image",
    "pk": 15,
    "fields": {
        "image": "upload/25.jpg",
        "title_image": true,
        "product": 9
    }
},
{
    "model": "products.image",
    "pk": 20,
    "fields": {
        "image": "upload/30_KjM3pj1.jpg",
        "title_image": true,
        "product": 10
    }
},
{
    "model": "products.image",
    "pk": 21,
    "fields": {
        "image": "upload/Снимок_экрана_от_2023-03-10_18-19-00.png",
        "title_image": false,
        "product": 10
    }
},
{
    "model": "products.image",
    "pk": 22,
    "fields": {
        "image": "upload/2-Шампунь-Fresh-L-для-всіх-типів-волосся-1л-600x900.png",
        "title_image": false,
        "product": 10
    }
},
{
    "model": "products.image",
    "pk": 23,
    "fields": {
        "image": "upload/2-Шампунь-Fresh-L-для-всіх-типів-волосся-1л-600x900_kx1k3sr.png",
        "title_image": false,
        "product": 10
    }
},
{
    "model": "products.image",
    "pk": 27,
    "fields": {
        "image": "upload/30_fMLUOrE.jpg",
        "title_image": true,
        "product": 12
    }
},
{
    "model": "products.image",
    "pk": 28,
    "fields": {
        "image": "upload/2-Шампунь-Fresh-L-для-всіх-типів-волосся-1л-600x900_pYGKTeu.png",
        "title_image": false,
        "product": 12
    }
},
{
    "model": "products.customer",
    "pk": 1,
    "fields": {
        "user": 3,
        "phone_number": "+380631112233",
        "birth_date": "1999-03-11"
    }
},
{
    "model": "products.customer",
    "pk": 2,
    "fields": {
        "user": 4,
        "phone_number": "+380441234567",
        "birth_date": null
    }
},
{
    "model": "products.customer",
    "pk": 4,
    "fields": {
        "user": 7,
        "phone_number": "+380441112233",
        "birth_date": null
    }
},
{
    "model": "products.customer",
    "pk": 5,
    "fields": {
        "user": 8,
        "phone_number": "+380449998877",
        "birth_date": null
    }
},
{
    "model": "products.customer",
    "pk": 6,
    "fields": {
        "user": 9,
        "phone_number": "+380449998876",
        "birth_date": null
    }
},
{
    "model": "products.customer",
    "pk": 7,
    "fields": {
        "user": 10,
        "phone_number": "+380449998875",
        "birth_date": null
    }
},
{
    "model": "products.customer",
    "pk": 8,
    "fields": {
        "user": 11,
        "phone_number": "+380449998874",
        "birth_date": null
    }
},
{
    "model": "products.customer",
    "pk": 9,
    "fields": {
        "user": 12,
        "phone_number": "+380449998866",
        "birth_date": null
    }
},
{
    "model": "products.customer",
    "pk": 10,
    "fields": {
        "user": 13,
        "phone_number": "+380447777777",
        "birth_date": null
    }
},
{
    "model": "products.customer",
    "pk": 11,
    "fields": {
        "user": 14,
        "phone_number": "+380444444444",
        "birth_date": null
    }
},
{
    "model": "products.customer",
    "pk": 12,
    "fields": {
        "user": 15,
        "phone_number": "+380444444441",
        "birth_date": null
    }
},
{
    "model": "products.customer",
    "pk": 13,
    "fields": {
        "user": 16,
        "phone_number": "+380444444111",
        "birth_date": null
    }
},
{
    "model": "products.customer",
    "pk": 14,
    "fields": {
        "user": 17,
        "phone_number": "+380449999999",
        "birth_date": null
    }
},
{
    "model": "products.userbucketproducts",
    "pk": 10,
    "fields": {
        "user": 1,
        "user_bucket": {
            "products_in_bucket": [
                1,
                2,
                2,
                3,
                3,
                3,
                6,
                6,
                4,
                4,
                4
            ]
        }
    }
},
{
    "model": "products.userbucketproducts",
    "pk": 11,
    "fields": {
        "user": 14,
        "user_bucket": {
            "products_in_bucket": [
                1,
                2,
                3,
                1
            ]
        }
    }
},
{
    "model": "products.userbucketproducts",
    "pk": 12,
    "fields": {
        "user": 4,
        "user_bucket": {
            "products_in_bucket": [
                1,
                1,
                6,
                5,
                9
            ]
        }
    }
}
]
